Vehicle Name,Location X,Location Y,Location Z,Rotation Pitch,Rotation Yaw,Rotation Roll,Timestamp
"ASB_Mercedes_Sprinter_Ambulance_Pawn_C_2147460109",2017.64,12059.22,-384.15,-0.02,-90.00,-0.00,"2025-01-27 12:13:53"
"ASB_Mercedes_Sprinter_Ambulance_Pawn_C_2147460109",2017.63,12059.21,-384.15,-0.02,-90.00,-0.00,"2025-01-27 12:13:53"
"ASB_Mercedes_Sprinter_Ambulance_Pawn_C_2147460109",2017.64,12059.22,-384.15,-0.02,-90.00,-0.00,"2025-01-27 12:13:53"
"ASB_Mercedes_Sprinter_Ambulance_Pawn_C_2147460109",2017.64,12059.22,-384.16,-0.03,-90.00,-0.01,"2025-01-27 12:13:53"
"ASB_Mercedes_Sprinter_Ambulance_Pawn_C_2147460109",2017.64,12059.21,-384.15,-0.02,-90.00,-0.00,"2025-01-27 12:13:53"
"ASB_Mercedes_Sprinter_Ambulance_Pawn_C_2147460109",2017.64,12059.23,-384.15,-0.03,-90.00,-0.01,"2025-01-27 12:13:54"
"ASB_Mercedes_Sprinter_Ambulance_Pawn_C_2147460109",2017.64,12059.23,-384.15,-0.03,-90.00,-0.01,"2025-01-27 12:13:54"
"ASB_Mercedes_Sprinter_Ambulance_Pawn_C_2147460109",2017.64,12059.23,-384.15,-0.03,-90.00,-0.01,"2025-01-27 12:13:54"
"ASB_Mercedes_Sprinter_Ambulance_Pawn_C_2147460109",2017.64,12059.23,-384.16,-0.03,-90.00,-0.01,"2025-01-27 12:13:54"
"ASB_Mercedes_Sprinter_Ambulance_Pawn_C_2147460109",2017.63,12059.20,-384.16,-0.02,-90.00,-0.00,"2025-01-27 12:13:54"
"ASB_Mercedes_Sprinter_Ambulance_Pawn_C_2147460109",2017.63,12059.20,-384.16,-0.02,-90.00,-0.00,"2025-01-27 12:13:54"
"ASB_Mercedes_Sprinter_Ambulance_Pawn_C_2147460109",2017.63,12059.17,-384.16,-0.01,-90.00,-0.00,"2025-01-27 12:13:54"
"ASB_Mercedes_Sprinter_Ambulance_Pawn_C_2147460109",2017.63,12059.20,-384.15,-0.01,-90.00,-0.00,"2025-01-27 12:13:54"
"ASB_Mercedes_Sprinter_Ambulance_Pawn_C_2147460109",2017.64,12059.17,-384.16,-0.03,-90.00,-0.01,"2025-01-27 12:13:54"
"ASB_Mercedes_Sprinter_Ambulance_Pawn_C_2147460109",2017.66,12058.94,-384.19,-0.06,-90.00,-0.02,"2025-01-27 12:13:54"
"ASB_Mercedes_Sprinter_Ambulance_Pawn_C_2147460109",2017.67,12058.37,-384.24,-0.10,-90.00,-0.04,"2025-01-27 12:13:54"
"ASB_Mercedes_Sprinter_Ambulance_Pawn_C_2147460109",2017.69,12057.42,-384.30,-0.13,-90.00,-0.06,"2025-01-27 12:13:54"
"ASB_Mercedes_Sprinter_Ambulance_Pawn_C_2147460109",2017.71,12056.06,-384.36,-0.16,-90.00,-0.08,"2025-01-27 12:13:54"
"ASB_Mercedes_Sprinter_Ambulance_Pawn_C_2147460109",2017.72,12054.27,-384.42,-0.18,-90.01,-0.10,"2025-01-27 12:13:54"
"ASB_Mercedes_Sprinter_Ambulance_Pawn_C_2147460109",2017.74,12051.30,-384.47,-0.20,-90.01,-0.13,"2025-01-27 12:13:54"
"ASB_Mercedes_Sprinter_Ambulance_Pawn_C_2147460109",2017.75,12048.63,-384.51,-0.20,-90.01,-0.14,"2025-01-27 12:13:54"
"ASB_Mercedes_Sprinter_Ambulance_Pawn_C_2147460109",2017.75,12045.42,-384.53,-0.20,-90.01,-0.16,"2025-01-27 12:13:54"
"ASB_Mercedes_Sprinter_Ambulance_Pawn_C_2147460109",2017.60,12041.65,-384.57,-0.10,-90.01,-0.10,"2025-01-27 12:13:54"
"ASB_Mercedes_Sprinter_Ambulance_Pawn_C_2147460109",2017.45,12037.08,-384.61,-0.03,-90.00,-0.04,"2025-01-27 12:13:54"
"ASB_Mercedes_Sprinter_Ambulance_Pawn_C_2147460109",2017.46,12032.56,-384.64,-0.04,-90.00,-0.04,"2025-01-27 12:13:54"
"ASB_Mercedes_Sprinter_Ambulance_Pawn_C_2147460109",2017.44,12027.27,-384.68,-0.03,-90.00,-0.02,"2025-01-27 12:13:54"
"ASB_Mercedes_Sprinter_Ambulance_Pawn_C_2147460109",2017.45,12021.84,-384.71,-0.04,-90.00,-0.02,"2025-01-27 12:13:54"
"ASB_Mercedes_Sprinter_Ambulance_Pawn_C_2147460109",2017.46,12015.90,-384.75,-0.06,-90.01,-0.03,"2025-01-27 12:13:54"
"ASB_Mercedes_Sprinter_Ambulance_Pawn_C_2147460109",2017.44,12009.25,-384.77,-0.04,-90.00,-0.00,"2025-01-27 12:13:54"
"ASB_Mercedes_Sprinter_Ambulance_Pawn_C_2147460109",2017.45,12004.63,-384.80,-0.03,-90.00,0.00,"2025-01-27 12:13:54"
"ASB_Mercedes_Sprinter_Ambulance_Pawn_C_2147460109",2017.47,11997.77,-384.86,-0.06,-90.00,0.00,"2025-01-27 12:13:54"
"ASB_Mercedes_Sprinter_Ambulance_Pawn_C_2147460109",2017.50,11990.41,-384.93,-0.03,-90.00,0.01,"2025-01-27 12:13:54"
"ASB_Mercedes_Sprinter_Ambulance_Pawn_C_2147460109",2017.53,11980.31,-385.02,-0.02,-90.00,0.01,"2025-01-27 12:13:54"
"ASB_Mercedes_Sprinter_Ambulance_Pawn_C_2147460109",2017.55,11972.14,-385.11,-0.02,-90.00,0.01,"2025-01-27 12:13:54"
"ASB_Mercedes_Sprinter_Ambulance_Pawn_C_2147460109",2017.56,11963.53,-385.18,-0.02,-90.00,0.01,"2025-01-27 12:13:54"
"ASB_Mercedes_Sprinter_Ambulance_Pawn_C_2147460109",2017.57,11954.54,-385.28,-0.04,-90.00,0.01,"2025-01-27 12:13:55"
"ASB_Mercedes_Sprinter_Ambulance_Pawn_C_2147460109",2017.62,11944.99,-385.38,-0.01,-90.00,0.01,"2025-01-27 12:13:55"
"ASB_Mercedes_Sprinter_Ambulance_Pawn_C_2147460109",2017.65,11935.20,-385.47,-0.01,-90.00,0.01,"2025-01-27 12:13:55"
"ASB_Mercedes_Sprinter_Ambulance_Pawn_C_2147460109",2017.66,11924.66,-385.58,-0.02,-90.00,0.01,"2025-01-27 12:13:55"
"ASB_Mercedes_Sprinter_Ambulance_Pawn_C_2147460109",2017.67,11914.02,-385.69,-0.04,-90.00,0.01,"2025-01-27 12:13:55"
"ASB_Mercedes_Sprinter_Ambulance_Pawn_C_2147460109",2017.68,11902.72,-385.79,-0.03,-90.00,0.00,"2025-01-27 12:13:55"
"ASB_Mercedes_Sprinter_Ambulance_Pawn_C_2147460109",2017.71,11891.57,-385.89,-0.01,-90.00,0.01,"2025-01-27 12:13:55"
"ASB_Mercedes_Sprinter_Ambulance_Pawn_C_2147460109",2017.75,11879.81,-385.99,-0.01,-90.00,0.01,"2025-01-27 12:13:55"
"ASB_Mercedes_Sprinter_Ambulance_Pawn_C_2147460109",2017.79,11867.82,-386.08,-0.00,-90.00,0.01,"2025-01-27 12:13:55"
"ASB_Mercedes_Sprinter_Ambulance_Pawn_C_2147460109",2017.83,11854.56,-386.19,-0.00,-90.00,0.01,"2025-01-27 12:13:55"
"ASB_Mercedes_Sprinter_Ambulance_Pawn_C_2147460109",2017.87,11841.42,-386.29,-0.00,-90.00,0.01,"2025-01-27 12:13:55"
"ASB_Mercedes_Sprinter_Ambulance_Pawn_C_2147460109",2017.91,11827.73,-386.41,-0.00,-90.00,0.01,"2025-01-27 12:13:55"
"ASB_Mercedes_Sprinter_Ambulance_Pawn_C_2147460109",2017.94,11813.71,-386.55,-0.00,-90.00,0.01,"2025-01-27 12:13:55"
"ASB_Mercedes_Sprinter_Ambulance_Pawn_C_2147460109",2017.99,11799.59,-386.68,-0.00,-90.00,0.01,"2025-01-27 12:13:55"
"ASB_Mercedes_Sprinter_Ambulance_Pawn_C_2147460109",2018.02,11784.94,-386.81,-0.00,-90.00,0.01,"2025-01-27 12:13:55"
"ASB_Mercedes_Sprinter_Ambulance_Pawn_C_2147460109",2018.07,11768.88,-386.95,-0.00,-90.00,0.01,"2025-01-27 12:13:55"
"ASB_Mercedes_Sprinter_Ambulance_Pawn_C_2147460109",2018.11,11748.61,-387.12,-0.00,-90.00,0.01,"2025-01-27 12:13:55"
"ASB_Mercedes_Sprinter_Ambulance_Pawn_C_2147460109",2018.13,11737.87,-387.21,-0.00,-90.00,0.01,"2025-01-27 12:13:55"
"ASB_Mercedes_Sprinter_Ambulance_Pawn_C_2147460109",2018.18,11715.49,-387.39,-0.00,-90.00,0.01,"2025-01-27 12:13:55"
"ASB_Mercedes_Sprinter_Ambulance_Pawn_C_2147460109",2018.22,11699.15,-387.53,-0.00,-90.00,0.01,"2025-01-27 12:13:55"
"ASB_Mercedes_Sprinter_Ambulance_Pawn_C_2147460109",2018.26,11681.95,-387.67,-0.00,-90.00,0.00,"2025-01-27 12:13:55"
"ASB_Mercedes_Sprinter_Ambulance_Pawn_C_2147460109",2018.28,11664.03,-387.84,-0.00,-90.00,0.01,"2025-01-27 12:13:55"
"ASB_Mercedes_Sprinter_Ambulance_Pawn_C_2147460109",2018.32,11645.91,-388.00,-0.00,-90.00,0.01,"2025-01-27 12:13:55"
"ASB_Mercedes_Sprinter_Ambulance_Pawn_C_2147460109",2018.36,11626.18,-388.18,-0.00,-90.00,0.00,"2025-01-27 12:13:55"
"ASB_Mercedes_Sprinter_Ambulance_Pawn_C_2147460109",2018.37,11606.77,-388.35,-0.00,-90.00,0.01,"2025-01-27 12:13:55"
"ASB_Mercedes_Sprinter_Ambulance_Pawn_C_2147460109",2018.42,11587.51,-388.52,-0.00,-90.00,0.01,"2025-01-27 12:13:55"
"ASB_Mercedes_Sprinter_Ambulance_Pawn_C_2147460109",2018.45,11566.19,-388.69,-0.00,-90.00,0.01,"2025-01-27 12:13:55"
"ASB_Mercedes_Sprinter_Ambulance_Pawn_C_2147460109",2018.49,11545.90,-388.86,-0.00,-90.00,0.01,"2025-01-27 12:13:55"
"ASB_Mercedes_Sprinter_Ambulance_Pawn_C_2147460109",2018.53,11523.92,-389.06,0.00,-90.00,0.00,"2025-01-27 12:13:55"
"ASB_Mercedes_Sprinter_Ambulance_Pawn_C_2147460109",2018.55,11494.87,-389.34,0.00,-90.00,0.01,"2025-01-27 12:13:55"
"ASB_Mercedes_Sprinter_Ambulance_Pawn_C_2147460109",2018.56,11471.68,-389.54,0.00,-90.01,0.01,"2025-01-27 12:13:56"
"ASB_Mercedes_Sprinter_Ambulance_Pawn_C_2147460109",2018.53,11449.56,-389.74,0.00,-90.02,0.03,"2025-01-27 12:13:56"
"ASB_Mercedes_Sprinter_Ambulance_Pawn_C_2147460109",2018.53,11426.14,-389.94,0.00,-90.04,0.02,"2025-01-27 12:13:56"
"ASB_Mercedes_Sprinter_Ambulance_Pawn_C_2147460109",2018.55,11402.33,-390.14,0.00,-90.02,0.01,"2025-01-27 12:13:56"
"ASB_Mercedes_Sprinter_Ambulance_Pawn_C_2147460109",2018.58,11378.88,-390.33,0.00,-90.00,0.00,"2025-01-27 12:13:56"
"ASB_Mercedes_Sprinter_Ambulance_Pawn_C_2147460109",2018.60,11354.55,-390.56,0.00,-90.00,0.00,"2025-01-27 12:13:56"
"ASB_Mercedes_Sprinter_Ambulance_Pawn_C_2147460109",2018.62,11321.02,-390.86,0.00,-90.00,-0.00,"2025-01-27 12:13:56"
"ASB_Mercedes_Sprinter_Ambulance_Pawn_C_2147460109",2018.63,11293.86,-391.10,0.00,-90.00,-0.00,"2025-01-27 12:13:56"
"ASB_Mercedes_Sprinter_Ambulance_Pawn_C_2147460109",2018.65,11267.67,-391.32,0.00,-90.00,-0.00,"2025-01-27 12:13:56"
"ASB_Mercedes_Sprinter_Ambulance_Pawn_C_2147460109",2018.66,11239.60,-391.56,0.00,-90.00,-0.00,"2025-01-27 12:13:56"
"ASB_Mercedes_Sprinter_Ambulance_Pawn_C_2147460109",2018.67,11211.51,-391.81,0.01,-90.00,-0.01,"2025-01-27 12:13:56"
"ASB_Mercedes_Sprinter_Ambulance_Pawn_C_2147460109",2018.67,11183.12,-392.08,0.00,-90.00,-0.00,"2025-01-27 12:13:56"
"ASB_Mercedes_Sprinter_Ambulance_Pawn_C_2147460109",2018.68,11154.37,-392.33,0.00,-90.00,-0.00,"2025-01-27 12:13:56"
"ASB_Mercedes_Sprinter_Ambulance_Pawn_C_2147460109",2018.70,11121.04,-392.62,0.00,-90.00,-0.00,"2025-01-27 12:13:56"
"ASB_Mercedes_Sprinter_Ambulance_Pawn_C_2147460109",2018.71,11091.75,-392.88,0.00,-90.00,-0.00,"2025-01-27 12:13:56"
"ASB_Mercedes_Sprinter_Ambulance_Pawn_C_2147460109",2018.72,11059.42,-393.15,0.00,-90.00,-0.00,"2025-01-27 12:13:56"
"ASB_Mercedes_Sprinter_Ambulance_Pawn_C_2147460109",2018.74,11027.53,-393.43,0.01,-90.00,-0.00,"2025-01-27 12:13:56"
"ASB_Mercedes_Sprinter_Ambulance_Pawn_C_2147460109",2018.70,10995.77,-393.69,0.00,-90.00,0.00,"2025-01-27 12:13:56"
"ASB_Mercedes_Sprinter_Ambulance_Pawn_C_2147460109",2018.43,10953.32,-394.07,0.00,-90.06,0.05,"2025-01-27 12:13:56"
"ASB_Mercedes_Sprinter_Ambulance_Pawn_C_2147460109",2017.95,10920.14,-394.38,0.01,-90.19,0.13,"2025-01-27 12:13:56"
"ASB_Mercedes_Sprinter_Ambulance_Pawn_C_2147460109",2018.06,10887.10,-394.66,0.00,-90.08,0.02,"2025-01-27 12:13:56"
"ASB_Mercedes_Sprinter_Ambulance_Pawn_C_2147460109",2018.03,10853.39,-394.95,0.00,-90.02,-0.01,"2025-01-27 12:13:56"
"ASB_Mercedes_Sprinter_Ambulance_Pawn_C_2147460109",2017.90,10816.77,-395.26,0.00,-90.01,-0.04,"2025-01-27 12:13:56"
"ASB_Mercedes_Sprinter_Ambulance_Pawn_C_2147460109",2017.74,10781.48,-395.58,0.00,-90.00,-0.04,"2025-01-27 12:13:56"
"ASB_Mercedes_Sprinter_Ambulance_Pawn_C_2147460109",2017.56,10743.33,-395.92,0.00,-90.00,-0.04,"2025-01-27 12:13:56"
"ASB_Mercedes_Sprinter_Ambulance_Pawn_C_2147460109",2017.33,10693.93,-396.35,0.00,-90.00,-0.04,"2025-01-27 12:13:56"
"ASB_Mercedes_Sprinter_Ambulance_Pawn_C_2147460109",2017.12,10657.28,-396.67,0.00,-90.00,-0.04,"2025-01-27 12:13:56"
"ASB_Mercedes_Sprinter_Ambulance_Pawn_C_2147460109",2016.91,10619.98,-396.99,0.00,-90.00,-0.03,"2025-01-27 12:13:56"
"ASB_Mercedes_Sprinter_Ambulance_Pawn_C_2147460109",2016.70,10580.46,-397.35,0.00,-90.00,-0.02,"2025-01-27 12:13:56"
"ASB_Mercedes_Sprinter_Ambulance_Pawn_C_2147460109",2016.58,10539.93,-397.72,0.01,-90.00,-0.04,"2025-01-27 12:13:56"
"ASB_Mercedes_Sprinter_Ambulance_Pawn_C_2147460109",2016.38,10500.68,-398.07,0.01,-90.00,-0.03,"2025-01-27 12:13:57"
"ASB_Mercedes_Sprinter_Ambulance_Pawn_C_2147460109",2016.17,10460.41,-398.40,-0.02,-90.00,-0.02,"2025-01-27 12:13:57"
"ASB_Mercedes_Sprinter_Ambulance_Pawn_C_2147460109",2015.92,10407.44,-398.81,-0.05,-90.00,-0.02,"2025-01-27 12:13:57"
"ASB_Mercedes_Sprinter_Ambulance_Pawn_C_2147460109",2015.74,10368.44,-399.08,-0.11,-90.00,-0.02,"2025-01-27 12:13:57"
"ASB_Mercedes_Sprinter_Ambulance_Pawn_C_2147460109",2015.56,10326.00,-399.32,-0.18,-90.00,-0.03,"2025-01-27 12:13:57"
"ASB_Mercedes_Sprinter_Ambulance_Pawn_C_2147460109",2015.37,10288.32,-399.54,-0.18,-90.00,-0.02,"2025-01-27 12:13:57"
"ASB_Mercedes_Sprinter_Ambulance_Pawn_C_2147460109",2015.21,10249.88,-399.78,-0.20,-90.00,-0.02,"2025-01-27 12:13:57"
"ASB_Mercedes_Sprinter_Ambulance_Pawn_C_2147460109",2015.04,10212.37,-400.04,-1.24,-90.00,-0.02,"2025-01-27 12:13:57"
"ASB_Mercedes_Sprinter_Ambulance_Pawn_C_2147460109",2014.87,10173.08,-400.41,-1.40,-90.00,-0.02,"2025-01-27 12:13:57"
"ASB_Mercedes_Sprinter_Ambulance_Pawn_C_2147460109",2014.70,10134.01,-400.80,-1.41,-90.00,-0.02,"2025-01-27 12:13:57"
"ASB_Mercedes_Sprinter_Ambulance_Pawn_C_2147460109",2014.47,10078.87,-401.43,-1.34,-90.00,-0.02,"2025-01-27 12:13:57"
"ASB_Mercedes_Sprinter_Ambulance_Pawn_C_2147460109",2014.28,10039.67,-401.89,-1.31,-90.00,-0.02,"2025-01-27 12:13:57"
"ASB_Mercedes_Sprinter_Ambulance_Pawn_C_2147460109",2014.05,9993.28,-402.44,-0.17,-90.01,-0.02,"2025-01-27 12:13:57"
"ASB_Mercedes_Sprinter_Ambulance_Pawn_C_2147460109",2013.86,9951.45,-402.94,0.08,-90.00,-0.02,"2025-01-27 12:13:57"
"ASB_Mercedes_Sprinter_Ambulance_Pawn_C_2147460109",2013.67,9908.55,-403.42,0.14,-90.00,-0.02,"2025-01-27 12:13:57"
"ASB_Mercedes_Sprinter_Ambulance_Pawn_C_2147460109",2013.46,9865.47,-403.86,0.15,-90.00,-0.02,"2025-01-27 12:13:57"
"ASB_Mercedes_Sprinter_Ambulance_Pawn_C_2147460109",2013.35,9819.41,-404.29,0.23,-90.00,-0.05,"2025-01-27 12:13:57"
"ASB_Mercedes_Sprinter_Ambulance_Pawn_C_2147460109",2013.10,9772.55,-404.70,0.16,-90.00,-0.04,"2025-01-27 12:13:57"
"ASB_Mercedes_Sprinter_Ambulance_Pawn_C_2147460109",2012.83,9725.76,-405.09,0.09,-90.00,-0.03,"2025-01-27 12:13:57"
"ASB_Mercedes_Sprinter_Ambulance_Pawn_C_2147460109",2012.59,9680.65,-405.44,0.05,-90.00,-0.02,"2025-01-27 12:13:57"
"ASB_Mercedes_Sprinter_Ambulance_Pawn_C_2147460109",2012.34,9631.26,-405.82,0.02,-90.00,-0.02,"2025-01-27 12:13:57"
"ASB_Mercedes_Sprinter_Ambulance_Pawn_C_2147460109",2012.10,9584.70,-406.20,0.01,-90.00,-0.02,"2025-01-27 12:13:57"
"ASB_Mercedes_Sprinter_Ambulance_Pawn_C_2147460109",2011.85,9534.51,-406.61,-0.01,-90.00,-0.02,"2025-01-27 12:13:57"
"ASB_Mercedes_Sprinter_Ambulance_Pawn_C_2147460109",2011.61,9487.18,-407.00,-0.02,-90.00,-0.03,"2025-01-27 12:13:57"
"ASB_Mercedes_Sprinter_Ambulance_Pawn_C_2147460109",2011.24,9420.75,-407.57,-0.04,-90.00,-0.02,"2025-01-27 12:13:57"
"ASB_Mercedes_Sprinter_Ambulance_Pawn_C_2147460109",2010.97,9369.89,-408.02,-0.05,-90.00,-0.02,"2025-01-27 12:13:57"
"ASB_Mercedes_Sprinter_Ambulance_Pawn_C_2147460109",2010.70,9320.58,-408.49,-0.05,-90.00,-0.02,"2025-01-27 12:13:57"
"ASB_Mercedes_Sprinter_Ambulance_Pawn_C_2147460109",2010.45,9268.85,-408.99,-0.04,-90.00,-0.03,"2025-01-27 12:13:57"
"ASB_Mercedes_Sprinter_Ambulance_Pawn_C_2147460109",2010.13,9217.56,-409.49,-0.03,-90.00,-0.03,"2025-01-27 12:13:57"
"ASB_Mercedes_Sprinter_Ambulance_Pawn_C_2147460109",2009.83,9164.52,-409.99,-0.02,-90.00,-0.02,"2025-01-27 12:13:57"
"ASB_Mercedes_Sprinter_Ambulance_Pawn_C_2147460109",2009.52,9111.55,-410.48,-0.02,-90.00,-0.02,"2025-01-27 12:13:58"
"ASB_Mercedes_Sprinter_Ambulance_Pawn_C_2147460109",2009.13,9044.97,-411.11,-0.00,-90.00,-0.02,"2025-01-27 12:13:58"
"ASB_Mercedes_Sprinter_Ambulance_Pawn_C_2147460109",2008.81,8991.51,-411.59,0.00,-90.00,-0.02,"2025-01-27 12:13:58"
"ASB_Mercedes_Sprinter_Ambulance_Pawn_C_2147460109",2008.49,8940.10,-412.04,0.00,-90.00,-0.02,"2025-01-27 12:13:58"
"ASB_Mercedes_Sprinter_Ambulance_Pawn_C_2147460109",2008.18,8889.18,-412.49,0.00,-90.00,-0.02,"2025-01-27 12:13:58"
"ASB_Mercedes_Sprinter_Ambulance_Pawn_C_2147460109",2007.78,8817.26,-413.13,0.00,-90.00,-0.03,"2025-01-27 12:13:58"
"ASB_Mercedes_Sprinter_Ambulance_Pawn_C_2147460109",2007.43,8761.66,-413.65,0.00,-90.00,-0.03,"2025-01-27 12:13:58"
"ASB_Mercedes_Sprinter_Ambulance_Pawn_C_2147460109",2007.09,8708.79,-414.13,0.00,-90.00,-0.02,"2025-01-27 12:13:58"
"ASB_Mercedes_Sprinter_Ambulance_Pawn_C_2147460109",2006.73,8652.18,-414.64,0.00,-90.00,-0.03,"2025-01-27 12:13:58"
"ASB_Mercedes_Sprinter_Ambulance_Pawn_C_2147460109",2006.37,8596.72,-415.14,0.00,-90.00,-0.02,"2025-01-27 12:13:58"
"ASB_Mercedes_Sprinter_Ambulance_Pawn_C_2147460109",2005.89,8521.27,-415.81,-0.00,-90.00,-0.02,"2025-01-27 12:13:58"
"ASB_Mercedes_Sprinter_Ambulance_Pawn_C_2147460109",2005.53,8463.73,-416.31,-0.04,-90.00,-0.02,"2025-01-27 12:13:58"
"ASB_Mercedes_Sprinter_Ambulance_Pawn_C_2147460109",2005.16,8405.48,-416.80,-0.07,-90.00,-0.03,"2025-01-27 12:13:58"
"ASB_Mercedes_Sprinter_Ambulance_Pawn_C_2147460109",2004.80,8350.31,-417.24,-0.11,-90.00,-0.02,"2025-01-27 12:13:58"
"ASB_Mercedes_Sprinter_Ambulance_Pawn_C_2147460109",2004.44,8294.21,-417.66,-0.16,-90.00,-0.02,"2025-01-27 12:13:58"
"ASB_Mercedes_Sprinter_Ambulance_Pawn_C_2147460109",2003.93,8222.38,-418.20,-0.76,-90.00,-0.02,"2025-01-27 12:13:58"
"ASB_Mercedes_Sprinter_Ambulance_Pawn_C_2147460109",2003.57,8167.74,-418.59,-1.43,-90.00,-0.03,"2025-01-27 12:13:58"
"ASB_Mercedes_Sprinter_Ambulance_Pawn_C_2147460109",2003.20,8112.15,-419.06,-1.55,-90.00,-0.03,"2025-01-27 12:13:58"
"ASB_Mercedes_Sprinter_Ambulance_Pawn_C_2147460109",2002.85,8058.47,-419.54,-1.56,-90.00,-0.02,"2025-01-27 12:13:58"
"ASB_Mercedes_Sprinter_Ambulance_Pawn_C_2147460109",2002.49,8001.38,-420.09,-1.53,-90.00,-0.03,"2025-01-27 12:13:58"
"ASB_Mercedes_Sprinter_Ambulance_Pawn_C_2147460109",2002.15,7948.81,-420.61,-1.50,-90.00,-0.03,"2025-01-27 12:13:58"
"ASB_Mercedes_Sprinter_Ambulance_Pawn_C_2147460109",2001.80,7896.66,-421.15,-1.48,-90.00,-0.03,"2025-01-27 12:13:58"
"ASB_Mercedes_Sprinter_Ambulance_Pawn_C_2147460109",2001.45,7843.13,-421.71,-1.45,-90.00,-0.03,"2025-01-27 12:13:58"
"ASB_Mercedes_Sprinter_Ambulance_Pawn_C_2147460109",2001.13,7793.14,-422.24,-1.42,-90.00,-0.03,"2025-01-27 12:13:58"
"ASB_Mercedes_Sprinter_Ambulance_Pawn_C_2147460109",2000.81,7741.19,-422.78,-1.39,-90.00,-0.03,"2025-01-27 12:13:58"
"ASB_Mercedes_Sprinter_Ambulance_Pawn_C_2147460109",2000.49,7691.60,-423.24,-1.38,-90.00,-0.03,"2025-01-27 12:13:58"
"ASB_Mercedes_Sprinter_Ambulance_Pawn_C_2147460109",2000.16,7641.63,-423.70,-1.36,-90.00,-0.03,"2025-01-27 12:13:58"
"ASB_Mercedes_Sprinter_Ambulance_Pawn_C_2147460109",1999.87,7591.63,-424.14,-1.36,-90.00,-0.03,"2025-01-27 12:13:58"
"ASB_Mercedes_Sprinter_Ambulance_Pawn_C_2147460109",1999.57,7543.14,-424.58,-1.34,-90.00,-0.03,"2025-01-27 12:13:58"
"ASB_Mercedes_Sprinter_Ambulance_Pawn_C_2147460109",1999.28,7494.98,-425.04,-1.31,-90.00,-0.03,"2025-01-27 12:13:58"
"ASB_Mercedes_Sprinter_Ambulance_Pawn_C_2147460109",1998.99,7446.16,-425.50,-1.28,-90.00,-0.03,"2025-01-27 12:13:59"
"ASB_Mercedes_Sprinter_Ambulance_Pawn_C_2147460109",1998.69,7396.52,-426.01,-1.24,-90.00,-0.03,"2025-01-27 12:13:59"
"ASB_Mercedes_Sprinter_Ambulance_Pawn_C_2147460109",1998.40,7347.33,-426.55,-1.21,-90.00,-0.03,"2025-01-27 12:13:59"
"ASB_Mercedes_Sprinter_Ambulance_Pawn_C_2147460109",1998.07,7293.66,-427.15,-0.11,-90.01,-0.02,"2025-01-27 12:13:59"
"ASB_Mercedes_Sprinter_Ambulance_Pawn_C_2147460109",1997.78,7241.12,-427.72,0.13,-90.00,-0.03,"2025-01-27 12:13:59"
"ASB_Mercedes_Sprinter_Ambulance_Pawn_C_2147460109",1997.48,7189.34,-428.27,0.16,-90.00,-0.03,"2025-01-27 12:13:59"
"ASB_Mercedes_Sprinter_Ambulance_Pawn_C_2147460109",1997.18,7136.65,-428.82,0.14,-90.00,-0.03,"2025-01-27 12:13:59"
"ASB_Mercedes_Sprinter_Ambulance_Pawn_C_2147460109",1996.85,7083.53,-429.35,0.11,-90.00,-0.03,"2025-01-27 12:13:59"
"ASB_Mercedes_Sprinter_Ambulance_Pawn_C_2147460109",1996.52,7029.17,-429.86,0.09,-90.00,-0.03,"2025-01-27 12:13:59"
"ASB_Mercedes_Sprinter_Ambulance_Pawn_C_2147460109",1996.20,6976.75,-430.36,0.06,-90.00,-0.03,"2025-01-27 12:13:59"
"ASB_Mercedes_Sprinter_Ambulance_Pawn_C_2147460109",1995.86,6920.34,-430.86,0.02,-90.00,-0.03,"2025-01-27 12:13:59"
"ASB_Mercedes_Sprinter_Ambulance_Pawn_C_2147460109",1995.53,6865.02,-431.34,-0.02,-90.00,-0.03,"2025-01-27 12:13:59"
"ASB_Mercedes_Sprinter_Ambulance_Pawn_C_2147460109",1995.20,6810.83,-431.79,-0.07,-90.00,-0.03,"2025-01-27 12:13:59"
"ASB_Mercedes_Sprinter_Ambulance_Pawn_C_2147460109",1994.87,6755.56,-432.24,-0.11,-90.00,-0.03,"2025-01-27 12:13:59"
"ASB_Mercedes_Sprinter_Ambulance_Pawn_C_2147460109",1994.54,6699.95,-432.63,-0.20,-90.00,-0.03,"2025-01-27 12:13:59"
"ASB_Mercedes_Sprinter_Ambulance_Pawn_C_2147460109",1994.20,6645.84,-433.02,-0.24,-90.00,-0.03,"2025-01-27 12:13:59"
"ASB_Mercedes_Sprinter_Ambulance_Pawn_C_2147460109",1993.84,6593.27,-433.39,-1.16,-90.00,-0.03,"2025-01-27 12:13:59"
"ASB_Mercedes_Sprinter_Ambulance_Pawn_C_2147460109",1993.51,6541.17,-433.81,-1.52,-90.00,-0.03,"2025-01-27 12:13:59"
"ASB_Mercedes_Sprinter_Ambulance_Pawn_C_2147460109",1993.17,6488.28,-434.27,-1.59,-90.00,-0.03,"2025-01-27 12:13:59"
"ASB_Mercedes_Sprinter_Ambulance_Pawn_C_2147460109",1992.95,6452.53,-434.60,-1.58,-90.00,-0.03,"2025-01-27 12:13:59"
"ASB_Mercedes_Sprinter_Ambulance_Pawn_C_2147460109",1992.62,6401.68,-435.10,-1.55,-90.00,-0.03,"2025-01-27 12:13:59"
"ASB_Mercedes_Sprinter_Ambulance_Pawn_C_2147460109",1992.31,6350.22,-435.64,-1.51,-90.00,-0.03,"2025-01-27 12:13:59"
"ASB_Mercedes_Sprinter_Ambulance_Pawn_C_2147460109",1992.00,6299.33,-436.20,-1.46,-90.00,-0.03,"2025-01-27 12:13:59"
"ASB_Mercedes_Sprinter_Ambulance_Pawn_C_2147460109",1991.70,6250.90,-436.73,-1.43,-90.00,-0.03,"2025-01-27 12:13:59"
"ASB_Mercedes_Sprinter_Ambulance_Pawn_C_2147460109",1991.39,6201.97,-437.26,-1.39,-90.00,-0.03,"2025-01-27 12:13:59"
"ASB_Mercedes_Sprinter_Ambulance_Pawn_C_2147460109",1991.09,6153.52,-437.75,-1.36,-90.00,-0.03,"2025-01-27 12:13:59"
"ASB_Mercedes_Sprinter_Ambulance_Pawn_C_2147460109",1990.82,6107.02,-438.22,-1.35,-90.00,-0.03,"2025-01-27 12:13:59"
"ASB_Mercedes_Sprinter_Ambulance_Pawn_C_2147460109",1990.54,6059.87,-438.66,-1.35,-90.00,-0.03,"2025-01-27 12:13:59"
"ASB_Mercedes_Sprinter_Ambulance_Pawn_C_2147460109",1990.27,6014.14,-439.08,-1.35,-90.00,-0.03,"2025-01-27 12:13:59"
"ASB_Mercedes_Sprinter_Ambulance_Pawn_C_2147460109",1990.08,5983.09,-439.36,-1.35,-90.00,-0.03,"2025-01-27 12:13:59"
"ASB_Mercedes_Sprinter_Ambulance_Pawn_C_2147460109",1989.81,5938.39,-439.77,-1.35,-90.00,-0.03,"2025-01-27 12:14:00"
"ASB_Mercedes_Sprinter_Ambulance_Pawn_C_2147460109",1989.56,5893.74,-440.17,-1.36,-90.00,-0.03,"2025-01-27 12:14:00"
"ASB_Mercedes_Sprinter_Ambulance_Pawn_C_2147460109",1989.32,5849.62,-440.57,-1.37,-90.00,-0.03,"2025-01-27 12:14:00"
"ASB_Mercedes_Sprinter_Ambulance_Pawn_C_2147460109",1989.06,5805.44,-440.99,-1.38,-90.00,-0.03,"2025-01-27 12:14:00"
"ASB_Mercedes_Sprinter_Ambulance_Pawn_C_2147460109",1988.82,5763.04,-441.38,-1.39,-90.00,-0.03,"2025-01-27 12:14:00"
"ASB_Mercedes_Sprinter_Ambulance_Pawn_C_2147460109",1988.58,5720.58,-441.77,-1.40,-90.00,-0.03,"2025-01-27 12:14:00"
"ASB_Mercedes_Sprinter_Ambulance_Pawn_C_2147460109",1988.44,5693.17,-442.05,-1.40,-90.00,-0.03,"2025-01-27 12:14:00"
"ASB_Mercedes_Sprinter_Ambulance_Pawn_C_2147460109",1988.22,5652.42,-442.46,-1.40,-90.00,-0.03,"2025-01-27 12:14:00"
"ASB_Mercedes_Sprinter_Ambulance_Pawn_C_2147460109",1988.01,5612.17,-442.88,-1.40,-90.00,-0.03,"2025-01-27 12:14:00"
"ASB_Mercedes_Sprinter_Ambulance_Pawn_C_2147460109",1987.80,5573.62,-443.28,-1.40,-90.00,-0.03,"2025-01-27 12:14:00"
"ASB_Mercedes_Sprinter_Ambulance_Pawn_C_2147460109",1987.59,5534.99,-443.66,-1.40,-90.00,-0.03,"2025-01-27 12:14:00"
"ASB_Mercedes_Sprinter_Ambulance_Pawn_C_2147460109",1987.33,5496.30,-444.04,-1.40,-90.01,-0.02,"2025-01-27 12:14:00"
"ASB_Mercedes_Sprinter_Ambulance_Pawn_C_2147460109",1987.00,5458.49,-444.42,-1.40,-90.03,-0.01,"2025-01-27 12:14:00"
"ASB_Mercedes_Sprinter_Ambulance_Pawn_C_2147460109",1986.87,5432.50,-444.68,-1.40,-90.02,-0.03,"2025-01-27 12:14:00"
"ASB_Mercedes_Sprinter_Ambulance_Pawn_C_2147460109",1986.64,5394.12,-445.05,-1.40,-90.00,-0.03,"2025-01-27 12:14:00"
"ASB_Mercedes_Sprinter_Ambulance_Pawn_C_2147460109",1986.40,5357.92,-445.39,-1.40,-90.00,-0.03,"2025-01-27 12:14:00"
"ASB_Mercedes_Sprinter_Ambulance_Pawn_C_2147460109",1986.17,5321.45,-445.74,-1.40,-90.00,-0.03,"2025-01-27 12:14:00"
"ASB_Mercedes_Sprinter_Ambulance_Pawn_C_2147460109",1985.93,5285.34,-446.13,-1.35,-90.00,-0.04,"2025-01-27 12:14:00"
"ASB_Mercedes_Sprinter_Ambulance_Pawn_C_2147460109",1985.69,5247.92,-446.56,-1.31,-90.00,-0.04,"2025-01-27 12:14:00"
"ASB_Mercedes_Sprinter_Ambulance_Pawn_C_2147460109",1985.53,5223.19,-446.85,-1.30,-90.00,-0.04,"2025-01-27 12:14:00"
"ASB_Mercedes_Sprinter_Ambulance_Pawn_C_2147460109",1985.28,5183.39,-447.35,-1.24,-90.00,-0.04,"2025-01-27 12:14:00"
"ASB_Mercedes_Sprinter_Ambulance_Pawn_C_2147460109",1984.99,5142.56,-447.85,-0.69,-90.01,-0.03,"2025-01-27 12:14:00"
"ASB_Mercedes_Sprinter_Ambulance_Pawn_C_2147460109",1984.82,5114.10,-448.17,-0.19,-90.01,-0.04,"2025-01-27 12:14:00"
"ASB_Mercedes_Sprinter_Ambulance_Pawn_C_2147460109",1984.57,5073.57,-448.58,-0.02,-90.00,-0.04,"2025-01-27 12:14:00"
"ASB_Mercedes_Sprinter_Ambulance_Pawn_C_2147460109",1984.40,5047.72,-448.80,-0.03,-90.00,-0.04,"2025-01-27 12:14:00"
"ASB_Mercedes_Sprinter_Ambulance_Pawn_C_2147460109",1984.14,5009.43,-449.09,-0.08,-90.00,-0.04,"2025-01-27 12:14:00"
"ASB_Mercedes_Sprinter_Ambulance_Pawn_C_2147460109",1983.90,4970.50,-449.37,-0.13,-90.00,-0.04,"2025-01-27 12:14:00"
"ASB_Mercedes_Sprinter_Ambulance_Pawn_C_2147460109",1983.72,4948.68,-449.50,-1.03,-90.00,-0.04,"2025-01-27 12:14:00"
"ASB_Mercedes_Sprinter_Ambulance_Pawn_C_2147460109",1983.51,4913.18,-449.68,-1.47,-90.00,-0.04,"2025-01-27 12:14:00"
"ASB_Mercedes_Sprinter_Ambulance_Pawn_C_2147460109",1983.36,4890.50,-449.78,-1.57,-90.00,-0.04,"2025-01-27 12:14:00"
"ASB_Mercedes_Sprinter_Ambulance_Pawn_C_2147460109",1983.15,4856.95,-449.93,-1.65,-90.00,-0.04,"2025-01-27 12:14:01"
"ASB_Mercedes_Sprinter_Ambulance_Pawn_C_2147460109",1982.95,4824.76,-450.09,-1.67,-90.00,-0.04,"2025-01-27 12:14:01"
"ASB_Mercedes_Sprinter_Ambulance_Pawn_C_2147460109",1982.82,4804.82,-450.20,-1.67,-90.00,-0.04,"2025-01-27 12:14:01"
"ASB_Mercedes_Sprinter_Ambulance_Pawn_C_2147460109",1982.58,4778.83,-450.31,-2.53,-89.99,-0.03,"2025-01-27 12:14:01"
"ASB_Mercedes_Sprinter_Ambulance_Pawn_C_2147460109",1982.48,4761.74,-450.38,-2.83,-90.00,-0.03,"2025-01-27 12:14:01"
"ASB_Mercedes_Sprinter_Ambulance_Pawn_C_2147460109",1982.32,4736.78,-450.56,-2.92,-90.00,-0.04,"2025-01-27 12:14:01"
"ASB_Mercedes_Sprinter_Ambulance_Pawn_C_2147460109",1982.21,4721.41,-450.69,-2.91,-90.00,-0.04,"2025-01-27 12:14:01"
"ASB_Mercedes_Sprinter_Ambulance_Pawn_C_2147460109",1982.06,4699.29,-450.91,-2.84,-90.00,-0.03,"2025-01-27 12:14:01"
"ASB_Mercedes_Sprinter_Ambulance_Pawn_C_2147460109",1981.96,4686.03,-451.08,-2.78,-90.00,-0.03,"2025-01-27 12:14:01"
"ASB_Mercedes_Sprinter_Ambulance_Pawn_C_2147460109",1981.83,4665.83,-451.39,-2.68,-90.00,-0.03,"2025-01-27 12:14:01"
"ASB_Mercedes_Sprinter_Ambulance_Pawn_C_2147460109",1981.70,4646.21,-451.76,-2.54,-90.00,-0.03,"2025-01-27 12:14:01"
"ASB_Mercedes_Sprinter_Ambulance_Pawn_C_2147460109",1981.59,4631.33,-452.10,-1.62,-90.00,-0.03,"2025-01-27 12:14:01"
"ASB_Mercedes_Sprinter_Ambulance_Pawn_C_2147460109",1981.47,4611.51,-452.52,-1.20,-90.00,-0.03,"2025-01-27 12:14:01"
"ASB_Mercedes_Sprinter_Ambulance_Pawn_C_2147460109",1981.38,4598.18,-452.81,-1.12,-90.00,-0.03,"2025-01-27 12:14:01"
"ASB_Mercedes_Sprinter_Ambulance_Pawn_C_2147460109",1981.24,4579.10,-453.17,-1.13,-90.00,-0.03,"2025-01-27 12:14:01"
"ASB_Mercedes_Sprinter_Ambulance_Pawn_C_2147460109",1981.15,4566.78,-453.39,-1.15,-90.00,-0.03,"2025-01-27 12:14:01"
"ASB_Mercedes_Sprinter_Ambulance_Pawn_C_2147460109",1981.00,4545.96,-453.72,-0.33,-90.01,-0.02,"2025-01-27 12:14:01"
"ASB_Mercedes_Sprinter_Ambulance_Pawn_C_2147460109",1980.91,4532.69,-453.92,-0.06,-90.00,-0.03,"2025-01-27 12:14:01"
"ASB_Mercedes_Sprinter_Ambulance_Pawn_C_2147460109",1980.79,4514.42,-454.17,0.02,-90.00,-0.03,"2025-01-27 12:14:01"
"ASB_Mercedes_Sprinter_Ambulance_Pawn_C_2147460109",1980.70,4502.31,-454.31,0.00,-90.00,-0.03,"2025-01-27 12:14:01"
"ASB_Mercedes_Sprinter_Ambulance_Pawn_C_2147460109",1980.57,4484.41,-454.49,-0.04,-90.00,-0.03,"2025-01-27 12:14:01"
"ASB_Mercedes_Sprinter_Ambulance_Pawn_C_2147460109",1980.49,4472.25,-454.60,-0.07,-90.00,-0.03,"2025-01-27 12:14:01"
"ASB_Mercedes_Sprinter_Ambulance_Pawn_C_2147460109",1980.36,4454.60,-454.74,-0.09,-90.00,-0.03,"2025-01-27 12:14:01"
"ASB_Mercedes_Sprinter_Ambulance_Pawn_C_2147460109",1980.27,4442.47,-454.84,-0.09,-90.00,-0.03,"2025-01-27 12:14:01"
"ASB_Mercedes_Sprinter_Ambulance_Pawn_C_2147460109",1980.14,4427.06,-454.96,-0.98,-90.00,-0.03,"2025-01-27 12:14:01"
"ASB_Mercedes_Sprinter_Ambulance_Pawn_C_2147460109",1980.06,4415.62,-455.04,-1.29,-90.00,-0.03,"2025-01-27 12:14:01"
"ASB_Mercedes_Sprinter_Ambulance_Pawn_C_2147460109",1979.95,4397.82,-455.17,-1.42,-90.00,-0.03,"2025-01-27 12:14:01"
"ASB_Mercedes_Sprinter_Ambulance_Pawn_C_2147460109",1979.86,4386.34,-455.26,-1.44,-90.00,-0.03,"2025-01-27 12:14:01"
"ASB_Mercedes_Sprinter_Ambulance_Pawn_C_2147460109",1979.62,4368.58,-455.42,-1.41,-90.02,-0.01,"2025-01-27 12:14:01"
"ASB_Mercedes_Sprinter_Ambulance_Pawn_C_2147460109",1979.45,4356.73,-455.56,-1.39,-90.04,-0.00,"2025-01-27 12:14:01"
"ASB_Mercedes_Sprinter_Ambulance_Pawn_C_2147460109",1979.34,4344.57,-455.70,-1.37,-90.03,-0.02,"2025-01-27 12:14:02"
"ASB_Mercedes_Sprinter_Ambulance_Pawn_C_2147460109",1979.21,4326.16,-455.95,-1.33,-90.01,-0.03,"2025-01-27 12:14:02"
"ASB_Mercedes_Sprinter_Ambulance_Pawn_C_2147460109",1979.11,4313.40,-456.12,-1.31,-90.01,-0.03,"2025-01-27 12:14:02"
"ASB_Mercedes_Sprinter_Ambulance_Pawn_C_2147460109",1978.95,4294.64,-456.36,-1.31,-90.00,-0.03,"2025-01-27 12:14:02"
"ASB_Mercedes_Sprinter_Ambulance_Pawn_C_2147460109",1978.82,4280.02,-456.53,-0.43,-90.00,-0.03,"2025-01-27 12:14:02"
"ASB_Mercedes_Sprinter_Ambulance_Pawn_C_2147460109",1978.72,4266.87,-456.65,-0.15,-90.00,-0.03,"2025-01-27 12:14:02"
"ASB_Mercedes_Sprinter_Ambulance_Pawn_C_2147460109",1978.57,4248.38,-456.76,-0.05,-90.00,-0.03,"2025-01-27 12:14:02"
"ASB_Mercedes_Sprinter_Ambulance_Pawn_C_2147460109",1978.48,4235.96,-456.82,-0.05,-90.00,-0.03,"2025-01-27 12:14:02"
"ASB_Mercedes_Sprinter_Ambulance_Pawn_C_2147460109",1978.34,4218.12,-456.88,-0.06,-90.00,-0.03,"2025-01-27 12:14:02"
"ASB_Mercedes_Sprinter_Ambulance_Pawn_C_2147460109",1978.26,4206.85,-456.91,-0.06,-90.00,-0.03,"2025-01-27 12:14:02"
"ASB_Mercedes_Sprinter_Ambulance_Pawn_C_2147460109",1978.13,4191.69,-456.94,-1.12,-90.00,-0.03,"2025-01-27 12:14:02"
"ASB_Mercedes_Sprinter_Ambulance_Pawn_C_2147460109",1978.03,4180.65,-456.99,-1.29,-90.00,-0.03,"2025-01-27 12:14:02"
"ASB_Mercedes_Sprinter_Ambulance_Pawn_C_2147460109",1977.85,4167.43,-457.08,-0.77,-90.02,-0.01,"2025-01-27 12:14:02"
"ASB_Mercedes_Sprinter_Ambulance_Pawn_C_2147460109",1977.57,4148.11,-457.22,-0.13,-90.05,0.02,"2025-01-27 12:14:02"
"ASB_Mercedes_Sprinter_Ambulance_Pawn_C_2147460109",1977.32,4136.36,-457.32,-0.00,-90.08,0.03,"2025-01-27 12:14:02"
"ASB_Mercedes_Sprinter_Ambulance_Pawn_C_2147460109",1977.10,4116.63,-457.49,0.10,-90.06,-0.01,"2025-01-27 12:14:02"
"ASB_Mercedes_Sprinter_Ambulance_Pawn_C_2147460109",1976.94,4103.99,-457.61,0.13,-90.59,-0.03,"2025-01-27 12:14:02"
"ASB_Mercedes_Sprinter_Ambulance_Pawn_C_2147460109",1976.52,4084.30,-457.80,0.16,-91.23,-0.02,"2025-01-27 12:14:02"
"ASB_Mercedes_Sprinter_Ambulance_Pawn_C_2147460109",1976.22,4070.93,-457.93,0.16,-91.34,-0.01,"2025-01-27 12:14:02"
"ASB_Mercedes_Sprinter_Ambulance_Pawn_C_2147460109",1975.77,4050.34,-458.06,0.14,-91.39,0.01,"2025-01-27 12:14:02"
"ASB_Mercedes_Sprinter_Ambulance_Pawn_C_2147460109",1975.49,4035.85,-458.15,0.14,-91.40,0.02,"2025-01-27 12:14:02"
"ASB_Mercedes_Sprinter_Ambulance_Pawn_C_2147460109",1975.10,4014.09,-458.27,0.12,-91.40,0.03,"2025-01-27 12:14:02"
"ASB_Mercedes_Sprinter_Ambulance_Pawn_C_2147460109",1974.84,3999.57,-458.35,0.11,-91.41,0.03,"2025-01-27 12:14:02"
"ASB_Mercedes_Sprinter_Ambulance_Pawn_C_2147460109",1974.42,3976.16,-458.48,0.09,-91.41,0.04,"2025-01-27 12:14:02"
"ASB_Mercedes_Sprinter_Ambulance_Pawn_C_2147460109",1974.08,3959.89,-458.59,0.09,-91.43,0.06,"2025-01-27 12:14:02"
"ASB_Mercedes_Sprinter_Ambulance_Pawn_C_2147460109",1973.66,3943.35,-458.69,0.07,-91.46,0.09,"2025-01-27 12:14:02"
"ASB_Mercedes_Sprinter_Ambulance_Pawn_C_2147460109",1973.20,3917.01,-458.84,0.06,-91.45,0.07,"2025-01-27 12:14:02"
"ASB_Mercedes_Sprinter_Ambulance_Pawn_C_2147460109",1972.94,3899.78,-458.92,0.03,-91.42,0.05,"2025-01-27 12:14:02"
"ASB_Mercedes_Sprinter_Ambulance_Pawn_C_2147460109",1972.54,3876.12,-459.05,0.02,-91.41,0.04,"2025-01-27 12:14:02"
"ASB_Mercedes_Sprinter_Ambulance_Pawn_C_2147460109",1972.11,3851.90,-459.18,-0.01,-91.41,0.04,"2025-01-27 12:14:02"
"ASB_Mercedes_Sprinter_Ambulance_Pawn_C_2147460109",1971.79,3833.99,-459.29,-0.02,-91.41,0.04,"2025-01-27 12:14:03"
"ASB_Mercedes_Sprinter_Ambulance_Pawn_C_2147460109",1971.27,3807.38,-459.44,-0.04,-91.41,0.05,"2025-01-27 12:14:03"
"ASB_Mercedes_Sprinter_Ambulance_Pawn_C_2147460109",1970.80,3780.04,-459.62,-0.05,-91.41,0.04,"2025-01-27 12:14:03"
"ASB_Mercedes_Sprinter_Ambulance_Pawn_C_2147460109",1970.42,3761.60,-459.74,-0.06,-91.41,0.07,"2025-01-27 12:14:03"
"ASB_Mercedes_Sprinter_Ambulance_Pawn_C_2147460109",1969.95,3732.41,-459.91,-0.06,-91.41,0.06,"2025-01-27 12:14:03"
"ASB_Mercedes_Sprinter_Ambulance_Pawn_C_2147460109",1969.46,3703.29,-460.05,-0.08,-91.41,0.05,"2025-01-27 12:14:03"
"ASB_Mercedes_Sprinter_Ambulance_Pawn_C_2147460109",1969.11,3683.29,-460.12,-0.09,-91.41,0.05,"2025-01-27 12:14:03"
"ASB_Mercedes_Sprinter_Ambulance_Pawn_C_2147460109",1968.57,3651.79,-460.24,-0.10,-91.41,0.05,"2025-01-27 12:14:03"
"ASB_Mercedes_Sprinter_Ambulance_Pawn_C_2147460109",1968.19,3629.85,-460.33,-0.10,-91.41,0.06,"2025-01-27 12:14:03"
"ASB_Mercedes_Sprinter_Ambulance_Pawn_C_2147460109",1967.60,3595.45,-460.51,-0.10,-91.41,0.06,"2025-01-27 12:14:03"
"ASB_Mercedes_Sprinter_Ambulance_Pawn_C_2147460109",1967.17,3567.43,-460.69,-0.09,-91.41,0.04,"2025-01-27 12:14:03"
"ASB_Mercedes_Sprinter_Ambulance_Pawn_C_2147460109",1966.60,3534.68,-460.95,-0.10,-91.41,0.05,"2025-01-27 12:14:03"
"ASB_Mercedes_Sprinter_Ambulance_Pawn_C_2147460109",1966.21,3511.78,-461.20,-0.09,-91.41,0.05,"2025-01-27 12:14:03"
"ASB_Mercedes_Sprinter_Ambulance_Pawn_C_2147460109",1965.50,3476.70,-461.70,-0.12,-91.41,0.09,"2025-01-27 12:14:03"
"ASB_Mercedes_Sprinter_Ambulance_Pawn_C_2147460109",1964.97,3441.28,-462.29,-0.07,-91.41,0.06,"2025-01-27 12:14:03"
"ASB_Mercedes_Sprinter_Ambulance_Pawn_C_2147460109",1964.55,3416.53,-462.76,-0.05,-91.41,0.06,"2025-01-27 12:14:03"
"ASB_Mercedes_Sprinter_Ambulance_Pawn_C_2147460109",1963.93,3378.86,-463.49,-0.05,-91.41,0.06,"2025-01-27 12:14:03"
"ASB_Mercedes_Sprinter_Ambulance_Pawn_C_2147460109",1963.48,3352.81,-464.06,-0.03,-91.41,0.05,"2025-01-27 12:14:03"
"ASB_Mercedes_Sprinter_Ambulance_Pawn_C_2147460109",1962.87,3312.94,-464.92,-0.02,-91.40,0.03,"2025-01-27 12:14:03"
"ASB_Mercedes_Sprinter_Ambulance_Pawn_C_2147460109",1962.39,3286.16,-465.49,-0.02,-91.40,0.05,"2025-01-27 12:14:03"
"ASB_Mercedes_Sprinter_Ambulance_Pawn_C_2147460109",1961.66,3243.72,-466.37,-0.02,-91.41,0.05,"2025-01-27 12:14:03"
"ASB_Mercedes_Sprinter_Ambulance_Pawn_C_2147460109",1961.17,3215.23,-466.95,-0.02,-91.41,0.05,"2025-01-27 12:14:03"
"ASB_Mercedes_Sprinter_Ambulance_Pawn_C_2147460109",1960.43,3170.62,-467.95,-0.03,-91.40,0.03,"2025-01-27 12:14:03"
"ASB_Mercedes_Sprinter_Ambulance_Pawn_C_2147460109",1959.92,3141.39,-468.62,-0.03,-91.40,0.02,"2025-01-27 12:14:03"
"ASB_Mercedes_Sprinter_Ambulance_Pawn_C_2147460109",1959.08,3095.09,-469.74,-0.05,-91.41,0.02,"2025-01-27 12:14:03"
"ASB_Mercedes_Sprinter_Ambulance_Pawn_C_2147460109",1958.48,3063.07,-470.49,-0.06,-91.41,0.02,"2025-01-27 12:14:03"
"ASB_Mercedes_Sprinter_Ambulance_Pawn_C_2147460109",1957.52,3015.71,-471.32,-0.02,-91.43,0.04,"2025-01-27 12:14:03"
"ASB_Mercedes_Sprinter_Ambulance_Pawn_C_2147460109",1956.78,2982.74,-471.68,0.02,-91.46,0.05,"2025-01-27 12:14:03"
"ASB_Mercedes_Sprinter_Ambulance_Pawn_C_2147460109",1955.80,2932.31,-471.86,0.11,-91.45,0.01,"2025-01-27 12:14:03"
"ASB_Mercedes_Sprinter_Ambulance_Pawn_C_2147460109",1955.19,2899.60,-471.90,0.13,-91.44,-0.03,"2025-01-27 12:14:03"
"ASB_Mercedes_Sprinter_Ambulance_Pawn_C_2147460109",1954.14,2848.49,-471.75,0.22,-91.42,-0.10,"2025-01-27 12:14:04"
"ASB_Mercedes_Sprinter_Ambulance_Pawn_C_2147460109",1953.34,2815.04,-471.68,0.25,-91.41,-0.11,"2025-01-27 12:14:04"
"ASB_Mercedes_Sprinter_Ambulance_Pawn_C_2147460109",1952.01,2761.90,-471.94,0.31,-91.41,-0.13,"2025-01-27 12:14:04"
"ASB_Mercedes_Sprinter_Ambulance_Pawn_C_2147460109",1951.10,2725.55,-472.29,0.86,-91.41,-0.14,"2025-01-27 12:14:04"
"ASB_Mercedes_Sprinter_Ambulance_Pawn_C_2147460109",1949.73,2671.79,-472.90,1.48,-91.41,-0.14,"2025-01-27 12:14:04"
"ASB_Mercedes_Sprinter_Ambulance_Pawn_C_2147460109",1950.16,2635.54,-473.27,1.54,-91.41,-0.67,"2025-01-27 12:14:04"
"ASB_Mercedes_Sprinter_Ambulance_Pawn_C_2147460109",1950.39,2580.90,-473.55,1.49,-91.41,-1.30,"2025-01-27 12:14:04"
"ASB_Mercedes_Sprinter_Ambulance_Pawn_C_2147460109",1949.78,2542.65,-473.49,1.39,-91.41,-1.43,"2025-01-27 12:14:04"
"ASB_Mercedes_Sprinter_Ambulance_Pawn_C_2147460109",1948.53,2485.41,-473.20,1.28,-91.41,-1.51,"2025-01-27 12:14:04"
"ASB_Mercedes_Sprinter_Ambulance_Pawn_C_2147460109",1947.57,2447.30,-472.92,1.22,-91.41,-1.53,"2025-01-27 12:14:04"
"ASB_Mercedes_Sprinter_Ambulance_Pawn_C_2147460109",1946.02,2389.36,-472.59,1.18,-91.40,-1.51,"2025-01-27 12:14:04"
"ASB_Mercedes_Sprinter_Ambulance_Pawn_C_2147460109",1945.07,2351.11,-472.52,0.29,-91.40,-1.51,"2025-01-27 12:14:04"
"ASB_Mercedes_Sprinter_Ambulance_Pawn_C_2147460109",1943.56,2290.94,-472.63,-0.09,-91.38,-1.49,"2025-01-27 12:14:04"
"ASB_Mercedes_Sprinter_Ambulance_Pawn_C_2147460109",1942.57,2251.17,-472.79,-0.14,-91.39,-1.47,"2025-01-27 12:14:04"
"ASB_Mercedes_Sprinter_Ambulance_Pawn_C_2147460109",1941.13,2190.86,-473.26,-0.13,-91.40,-1.45,"2025-01-27 12:14:04"
"ASB_Mercedes_Sprinter_Ambulance_Pawn_C_2147460109",1940.12,2147.84,-473.71,-0.12,-91.40,-1.43,"2025-01-27 12:14:04"
"ASB_Mercedes_Sprinter_Ambulance_Pawn_C_2147460109",1938.71,2084.34,-474.50,-0.08,-91.41,-1.41,"2025-01-27 12:14:04"
"ASB_Mercedes_Sprinter_Ambulance_Pawn_C_2147460109",1937.78,2041.07,-475.09,-0.05,-91.41,-1.40,"2025-01-27 12:14:04"
"ASB_Mercedes_Sprinter_Ambulance_Pawn_C_2147460109",1936.85,1996.49,-475.69,-0.02,-91.41,-1.39,"2025-01-27 12:14:04"
"ASB_Mercedes_Sprinter_Ambulance_Pawn_C_2147460109",1935.46,1931.34,-476.53,0.01,-91.41,-1.37,"2025-01-27 12:14:04"
"ASB_Mercedes_Sprinter_Ambulance_Pawn_C_2147460109",1934.50,1886.68,-477.05,0.03,-91.43,-1.35,"2025-01-27 12:14:04"
"ASB_Mercedes_Sprinter_Ambulance_Pawn_C_2147460109",1932.76,1817.66,-477.79,0.03,-91.50,-1.30,"2025-01-27 12:14:04"
"ASB_Mercedes_Sprinter_Ambulance_Pawn_C_2147460109",1931.49,1771.56,-478.24,0.03,-91.55,-1.26,"2025-01-27 12:14:04"
"ASB_Mercedes_Sprinter_Ambulance_Pawn_C_2147460109",1930.04,1703.99,-478.83,0.03,-91.49,-1.33,"2025-01-27 12:14:04"
"ASB_Mercedes_Sprinter_Ambulance_Pawn_C_2147460109",1928.99,1657.28,-479.20,0.03,-91.46,-1.36,"2025-01-27 12:14:04"
"ASB_Mercedes_Sprinter_Ambulance_Pawn_C_2147460109",1927.31,1585.78,-479.74,0.03,-91.43,-1.40,"2025-01-27 12:14:04"
"ASB_Mercedes_Sprinter_Ambulance_Pawn_C_2147460109",1926.13,1538.53,-480.08,0.03,-91.42,-1.41,"2025-01-27 12:14:04"
"ASB_Mercedes_Sprinter_Ambulance_Pawn_C_2147460109",1924.26,1465.53,-480.64,0.01,-91.41,-1.42,"2025-01-27 12:14:04"
"ASB_Mercedes_Sprinter_Ambulance_Pawn_C_2147460109",1922.98,1416.46,-481.03,0.00,-91.41,-1.42,"2025-01-27 12:14:04"
"ASB_Mercedes_Sprinter_Ambulance_Pawn_C_2147460109",1921.73,1368.92,-481.43,0.00,-91.41,-1.42,"2025-01-27 12:14:04"
"ASB_Mercedes_Sprinter_Ambulance_Pawn_C_2147460109",1919.73,1292.90,-482.11,-0.00,-91.41,-1.45,"2025-01-27 12:14:05"
"ASB_Mercedes_Sprinter_Ambulance_Pawn_C_2147460109",1918.42,1243.87,-482.57,-0.00,-91.41,-1.45,"2025-01-27 12:14:05"
"ASB_Mercedes_Sprinter_Ambulance_Pawn_C_2147460109",1916.52,1169.81,-483.26,-0.01,-91.39,-1.48,"2025-01-27 12:14:05"
"ASB_Mercedes_Sprinter_Ambulance_Pawn_C_2147460109",1915.11,1118.93,-483.74,-0.03,-91.39,-1.46,"2025-01-27 12:14:05"
"ASB_Mercedes_Sprinter_Ambulance_Pawn_C_2147460109",1913.09,1044.86,-484.47,-0.03,-91.40,-1.45,"2025-01-27 12:14:05"
"ASB_Mercedes_Sprinter_Ambulance_Pawn_C_2147460109",1911.68,992.75,-484.98,-0.02,-91.41,-1.45,"2025-01-27 12:14:05"
"ASB_Mercedes_Sprinter_Ambulance_Pawn_C_2147460109",1909.55,914.68,-485.75,-0.01,-91.41,-1.43,"2025-01-27 12:14:05"
"ASB_Mercedes_Sprinter_Ambulance_Pawn_C_2147460109",1908.16,862.80,-486.25,-0.02,-91.41,-1.42,"2025-01-27 12:14:05"
"ASB_Mercedes_Sprinter_Ambulance_Pawn_C_2147460109",1906.10,785.06,-486.98,-0.04,-91.41,-1.42,"2025-01-27 12:14:05"
"ASB_Mercedes_Sprinter_Ambulance_Pawn_C_2147460109",1904.68,731.37,-487.46,-0.07,-91.41,-1.42,"2025-01-27 12:14:05"
"ASB_Mercedes_Sprinter_Ambulance_Pawn_C_2147460109",1902.62,653.85,-488.12,-0.15,-91.41,-1.42,"2025-01-27 12:14:05"
"ASB_Mercedes_Sprinter_Ambulance_Pawn_C_2147460109",1901.24,601.97,-488.51,-0.22,-91.40,-1.42,"2025-01-27 12:14:05"
"ASB_Mercedes_Sprinter_Ambulance_Pawn_C_2147460109",1899.84,548.92,-488.91,-0.26,-91.40,-1.42,"2025-01-27 12:14:05"
"ASB_Mercedes_Sprinter_Ambulance_Pawn_C_2147460109",1897.91,476.42,-489.46,-1.17,-91.40,-1.42,"2025-01-27 12:14:05"
"ASB_Mercedes_Sprinter_Ambulance_Pawn_C_2147460109",1896.58,426.36,-489.88,-1.48,-91.40,-1.42,"2025-01-27 12:14:05"
"ASB_Mercedes_Sprinter_Ambulance_Pawn_C_2147460109",1894.65,352.95,-490.55,-1.58,-91.40,-1.41,"2025-01-27 12:14:05"
"ASB_Mercedes_Sprinter_Ambulance_Pawn_C_2147460109",1893.42,305.90,-490.99,-1.59,-91.40,-1.41,"2025-01-27 12:14:05"
"ASB_Mercedes_Sprinter_Ambulance_Pawn_C_2147460109",1892.13,257.09,-491.51,-1.56,-91.41,-1.42,"2025-01-27 12:14:05"
"ASB_Mercedes_Sprinter_Ambulance_Pawn_C_2147460109",1890.23,184.57,-492.30,-1.50,-91.41,-1.42,"2025-01-27 12:14:05"
"ASB_Mercedes_Sprinter_Ambulance_Pawn_C_2147460109",1889.01,138.45,-492.81,-1.47,-91.41,-1.42,"2025-01-27 12:14:05"
"ASB_Mercedes_Sprinter_Ambulance_Pawn_C_2147460109",1887.20,69.06,-493.59,-1.43,-91.41,-1.42,"2025-01-27 12:14:05"
"ASB_Mercedes_Sprinter_Ambulance_Pawn_C_2147460109",1886.00,23.17,-494.10,-1.40,-91.41,-1.42,"2025-01-27 12:14:05"
"ASB_Mercedes_Sprinter_Ambulance_Pawn_C_2147460109",1884.21,-45.47,-494.84,-1.38,-91.41,-1.42,"2025-01-27 12:14:05"
"ASB_Mercedes_Sprinter_Ambulance_Pawn_C_2147460109",1883.10,-87.91,-495.29,-1.36,-91.41,-1.42,"2025-01-27 12:14:05"
"ASB_Mercedes_Sprinter_Ambulance_Pawn_C_2147460109",1881.95,-132.32,-495.75,-1.35,-91.41,-1.42,"2025-01-27 12:14:05"
"ASB_Mercedes_Sprinter_Ambulance_Pawn_C_2147460109",1880.28,-196.55,-496.40,-1.35,-91.41,-1.42,"2025-01-27 12:14:05"
"ASB_Mercedes_Sprinter_Ambulance_Pawn_C_2147460109",1879.18,-238.97,-496.82,-1.35,-91.41,-1.42,"2025-01-27 12:14:05"
"ASB_Mercedes_Sprinter_Ambulance_Pawn_C_2147460109",1877.55,-302.23,-497.44,-1.36,-91.41,-1.42,"2025-01-27 12:14:05"
"ASB_Mercedes_Sprinter_Ambulance_Pawn_C_2147460109",1876.45,-345.20,-497.86,-1.37,-91.41,-1.42,"2025-01-27 12:14:05"
"ASB_Mercedes_Sprinter_Ambulance_Pawn_C_2147460109",1875.40,-385.89,-498.27,-1.38,-91.41,-1.41,"2025-01-27 12:14:05"
"ASB_Mercedes_Sprinter_Ambulance_Pawn_C_2147460109",1873.84,-446.59,-498.88,-1.38,-91.41,-1.41,"2025-01-27 12:14:06"
"ASB_Mercedes_Sprinter_Ambulance_Pawn_C_2147460109",1872.81,-486.75,-499.28,-1.40,-91.41,-1.41,"2025-01-27 12:14:06"
"ASB_Mercedes_Sprinter_Ambulance_Pawn_C_2147460109",1871.31,-545.65,-499.88,-1.41,-91.41,-1.41,"2025-01-27 12:14:06"
"ASB_Mercedes_Sprinter_Ambulance_Pawn_C_2147460109",1870.34,-584.38,-500.30,-1.41,-91.41,-1.41,"2025-01-27 12:14:06"
"ASB_Mercedes_Sprinter_Ambulance_Pawn_C_2147460109",1869.37,-622.63,-500.72,-1.41,-91.41,-1.41,"2025-01-27 12:14:06"
"ASB_Mercedes_Sprinter_Ambulance_Pawn_C_2147460109",1867.93,-679.76,-501.35,-1.41,-91.41,-1.41,"2025-01-27 12:14:06"
"ASB_Mercedes_Sprinter_Ambulance_Pawn_C_2147460109",1866.99,-716.94,-501.75,-1.41,-91.41,-1.41,"2025-01-27 12:14:06"
"ASB_Mercedes_Sprinter_Ambulance_Pawn_C_2147460109",1865.63,-771.33,-502.33,-1.41,-91.41,-1.41,"2025-01-27 12:14:06"
"ASB_Mercedes_Sprinter_Ambulance_Pawn_C_2147460109",1864.70,-808.19,-502.73,-1.41,-91.41,-1.41,"2025-01-27 12:14:06"
"ASB_Mercedes_Sprinter_Ambulance_Pawn_C_2147460109",1863.83,-842.74,-503.11,-1.41,-91.41,-1.41,"2025-01-27 12:14:06"
"ASB_Mercedes_Sprinter_Ambulance_Pawn_C_2147460109",1862.58,-892.96,-503.66,-1.41,-91.41,-1.41,"2025-01-27 12:14:06"
"ASB_Mercedes_Sprinter_Ambulance_Pawn_C_2147460109",1861.74,-927.00,-504.02,-1.41,-91.40,-1.41,"2025-01-27 12:14:06"
"ASB_Mercedes_Sprinter_Ambulance_Pawn_C_2147460109",1860.57,-976.30,-504.55,-1.41,-91.39,-1.41,"2025-01-27 12:14:06"
"ASB_Mercedes_Sprinter_Ambulance_Pawn_C_2147460109",1859.80,-1007.91,-504.89,-1.41,-91.39,-1.41,"2025-01-27 12:14:06"
"ASB_Mercedes_Sprinter_Ambulance_Pawn_C_2147460109",1858.64,-1055.13,-505.41,-1.41,-91.40,-1.41,"2025-01-27 12:14:06"
"ASB_Mercedes_Sprinter_Ambulance_Pawn_C_2147460109",1857.92,-1085.12,-505.72,-1.41,-91.40,-1.41,"2025-01-27 12:14:06"
"ASB_Mercedes_Sprinter_Ambulance_Pawn_C_2147460109",1856.86,-1128.97,-506.18,-1.41,-91.41,-1.40,"2025-01-27 12:14:06"
"ASB_Mercedes_Sprinter_Ambulance_Pawn_C_2147460109",1855.85,-1170.93,-506.63,-1.40,-91.41,-1.40,"2025-01-27 12:14:06"
"ASB_Mercedes_Sprinter_Ambulance_Pawn_C_2147460109",1855.16,-1199.48,-506.94,-1.40,-91.41,-1.40,"2025-01-27 12:14:06"
"ASB_Mercedes_Sprinter_Ambulance_Pawn_C_2147460109",1854.15,-1240.58,-507.39,-1.40,-91.41,-1.41,"2025-01-27 12:14:06"
"ASB_Mercedes_Sprinter_Ambulance_Pawn_C_2147460109",1853.17,-1281.41,-507.85,-1.40,-91.41,-1.40,"2025-01-27 12:14:06"
"ASB_Mercedes_Sprinter_Ambulance_Pawn_C_2147460109",1852.57,-1306.90,-508.14,-1.40,-91.41,-1.40,"2025-01-27 12:14:06"
"ASB_Mercedes_Sprinter_Ambulance_Pawn_C_2147460109",1851.64,-1346.01,-508.59,-1.40,-91.41,-1.40,"2025-01-27 12:14:06"
"ASB_Mercedes_Sprinter_Ambulance_Pawn_C_2147460109",1850.73,-1383.61,-509.02,-1.40,-91.41,-1.40,"2025-01-27 12:14:06"
"ASB_Mercedes_Sprinter_Ambulance_Pawn_C_2147460109",1850.13,-1408.88,-509.29,-1.40,-91.41,-1.40,"2025-01-27 12:14:06"
"ASB_Mercedes_Sprinter_Ambulance_Pawn_C_2147460109",1849.22,-1447.25,-509.71,-1.40,-91.41,-1.40,"2025-01-27 12:14:06"
"ASB_Mercedes_Sprinter_Ambulance_Pawn_C_2147460109",1848.38,-1482.67,-510.11,-1.40,-91.41,-1.40,"2025-01-27 12:14:06"
"ASB_Mercedes_Sprinter_Ambulance_Pawn_C_2147460109",1847.52,-1518.92,-510.52,-1.40,-91.41,-1.40,"2025-01-27 12:14:06"
"ASB_Mercedes_Sprinter_Ambulance_Pawn_C_2147460109",1846.96,-1541.97,-510.79,-1.40,-91.41,-1.40,"2025-01-27 12:14:06"
"ASB_Mercedes_Sprinter_Ambulance_Pawn_C_2147460109",1846.15,-1576.63,-511.17,-1.40,-91.41,-1.40,"2025-01-27 12:14:06"
"ASB_Mercedes_Sprinter_Ambulance_Pawn_C_2147460109",1845.35,-1610.51,-511.53,-1.40,-91.41,-1.40,"2025-01-27 12:14:07"
"ASB_Mercedes_Sprinter_Ambulance_Pawn_C_2147460109",1844.55,-1644.10,-511.91,-1.40,-91.41,-1.40,"2025-01-27 12:14:07"
"ASB_Mercedes_Sprinter_Ambulance_Pawn_C_2147460109",1844.03,-1666.31,-512.15,-1.40,-91.41,-1.40,"2025-01-27 12:14:07"
"ASB_Mercedes_Sprinter_Ambulance_Pawn_C_2147460109",1843.26,-1698.72,-512.52,-1.40,-91.41,-1.40,"2025-01-27 12:14:07"
"ASB_Mercedes_Sprinter_Ambulance_Pawn_C_2147460109",1842.50,-1731.02,-512.89,-1.40,-91.41,-1.40,"2025-01-27 12:14:07"
"ASB_Mercedes_Sprinter_Ambulance_Pawn_C_2147460109",1841.72,-1762.69,-513.26,-1.40,-91.41,-1.40,"2025-01-27 12:14:07"
"ASB_Mercedes_Sprinter_Ambulance_Pawn_C_2147460109",1841.24,-1783.10,-513.51,-1.40,-91.41,-1.40,"2025-01-27 12:14:07"
"ASB_Mercedes_Sprinter_Ambulance_Pawn_C_2147460109",1840.51,-1813.69,-513.87,-1.40,-91.41,-1.40,"2025-01-27 12:14:07"
"ASB_Mercedes_Sprinter_Ambulance_Pawn_C_2147460109",1839.80,-1844.20,-514.23,-1.40,-91.41,-1.40,"2025-01-27 12:14:07"
"ASB_Mercedes_Sprinter_Ambulance_Pawn_C_2147460109",1839.14,-1872.71,-514.54,-1.40,-91.41,-1.40,"2025-01-27 12:14:07"
"ASB_Mercedes_Sprinter_Ambulance_Pawn_C_2147460109",1838.48,-1900.63,-514.86,-1.40,-91.41,-1.40,"2025-01-27 12:14:07"
"ASB_Mercedes_Sprinter_Ambulance_Pawn_C_2147460109",1838.02,-1919.29,-515.07,-1.39,-91.41,-1.40,"2025-01-27 12:14:07"
"ASB_Mercedes_Sprinter_Ambulance_Pawn_C_2147460109",1837.36,-1947.43,-515.39,-1.40,-91.41,-1.40,"2025-01-27 12:14:07"
"ASB_Mercedes_Sprinter_Ambulance_Pawn_C_2147460109",1836.74,-1974.19,-515.71,-1.40,-91.41,-1.40,"2025-01-27 12:14:07"
"ASB_Mercedes_Sprinter_Ambulance_Pawn_C_2147460109",1836.11,-2001.20,-516.03,-1.40,-91.41,-1.40,"2025-01-27 12:14:07"
"ASB_Mercedes_Sprinter_Ambulance_Pawn_C_2147460109",1835.48,-2027.49,-516.34,-1.40,-91.41,-1.40,"2025-01-27 12:14:07"
"ASB_Mercedes_Sprinter_Ambulance_Pawn_C_2147460109",1835.07,-2045.18,-516.56,-1.40,-91.41,-1.40,"2025-01-27 12:14:07"
"ASB_Mercedes_Sprinter_Ambulance_Pawn_C_2147460109",1834.48,-2070.33,-516.87,-1.40,-91.41,-1.40,"2025-01-27 12:14:07"
"ASB_Mercedes_Sprinter_Ambulance_Pawn_C_2147460109",1833.89,-2095.71,-517.15,-1.40,-91.41,-1.40,"2025-01-27 12:14:07"
"ASB_Mercedes_Sprinter_Ambulance_Pawn_C_2147460109",1833.31,-2120.83,-517.43,-1.40,-91.41,-1.40,"2025-01-27 12:14:07"
"ASB_Mercedes_Sprinter_Ambulance_Pawn_C_2147460109",1832.77,-2144.32,-517.70,-1.40,-91.41,-1.40,"2025-01-27 12:14:07"
"ASB_Mercedes_Sprinter_Ambulance_Pawn_C_2147460109",1832.22,-2167.53,-517.96,-1.42,-91.41,-1.40,"2025-01-27 12:14:07"
"ASB_Mercedes_Sprinter_Ambulance_Pawn_C_2147460109",1831.71,-2189.93,-518.18,-1.46,-91.40,-1.40,"2025-01-27 12:14:07"
"ASB_Mercedes_Sprinter_Ambulance_Pawn_C_2147460109",1831.21,-2211.41,-518.33,-1.52,-91.40,-1.40,"2025-01-27 12:14:07"
"ASB_Mercedes_Sprinter_Ambulance_Pawn_C_2147460109",1830.78,-2230.62,-518.44,-1.55,-91.40,-1.40,"2025-01-27 12:14:07"
"ASB_Mercedes_Sprinter_Ambulance_Pawn_C_2147460109",1830.49,-2243.26,-518.49,-1.57,-91.40,-1.40,"2025-01-27 12:14:07"
"ASB_Mercedes_Sprinter_Ambulance_Pawn_C_2147460109",1830.10,-2260.31,-518.57,-1.59,-91.40,-1.40,"2025-01-27 12:14:07"
"ASB_Mercedes_Sprinter_Ambulance_Pawn_C_2147460109",1829.75,-2275.99,-518.64,-1.59,-91.40,-1.40,"2025-01-27 12:14:07"
"ASB_Mercedes_Sprinter_Ambulance_Pawn_C_2147460109",1829.50,-2287.50,-518.59,-2.66,-91.40,-1.40,"2025-01-27 12:14:07"
"ASB_Mercedes_Sprinter_Ambulance_Pawn_C_2147460109",1829.23,-2299.43,-518.61,-2.87,-91.40,-1.40,"2025-01-27 12:14:07"
"ASB_Mercedes_Sprinter_Ambulance_Pawn_C_2147460109",1828.96,-2310.41,-518.64,-2.94,-91.40,-1.40,"2025-01-27 12:14:08"
"ASB_Mercedes_Sprinter_Ambulance_Pawn_C_2147460109",1828.79,-2317.01,-518.67,-2.97,-91.40,-1.40,"2025-01-27 12:14:08"
"ASB_Mercedes_Sprinter_Ambulance_Pawn_C_2147460109",1828.58,-2325.40,-518.70,-2.97,-91.39,-1.42,"2025-01-27 12:14:08"
"ASB_Mercedes_Sprinter_Ambulance_Pawn_C_2147460109",1828.39,-2332.56,-518.76,-2.88,-91.40,-1.42,"2025-01-27 12:14:08"
"ASB_Mercedes_Sprinter_Ambulance_Pawn_C_2147460109",1828.24,-2337.74,-518.82,-2.80,-91.40,-1.41,"2025-01-27 12:14:08"
"ASB_Mercedes_Sprinter_Ambulance_Pawn_C_2147460109",1828.17,-2341.40,-518.88,-2.78,-91.40,-1.41,"2025-01-27 12:14:08"
"ASB_Mercedes_Sprinter_Ambulance_Pawn_C_2147460109",1828.13,-2343.08,-518.91,-2.75,-91.40,-1.41,"2025-01-27 12:14:08"
"ASB_Mercedes_Sprinter_Ambulance_Pawn_C_2147460109",1828.12,-2344.88,-519.01,-2.69,-91.41,-1.41,"2025-01-27 12:14:08"
"ASB_Mercedes_Sprinter_Ambulance_Pawn_C_2147460109",1828.10,-2346.41,-519.16,-2.62,-91.41,-1.41,"2025-01-27 12:14:08"
"ASB_Mercedes_Sprinter_Ambulance_Pawn_C_2147460109",1828.02,-2350.50,-519.48,-1.46,-91.41,-1.41,"2025-01-27 12:14:08"
"ASB_Mercedes_Sprinter_Ambulance_Pawn_C_2147460109",1828.00,-2351.79,-519.66,-1.25,-91.41,-1.41,"2025-01-27 12:14:08"
"ASB_Mercedes_Sprinter_Ambulance_Pawn_C_2147460109",1827.98,-2353.05,-519.91,-1.16,-91.41,-1.41,"2025-01-27 12:14:08"
"ASB_Mercedes_Sprinter_Ambulance_Pawn_C_2147460109",1827.96,-2354.04,-520.13,-1.16,-91.41,-1.41,"2025-01-27 12:14:08"
"ASB_Mercedes_Sprinter_Ambulance_Pawn_C_2147460109",1827.95,-2354.83,-520.29,-1.20,-91.41,-1.41,"2025-01-27 12:14:08"
"ASB_Mercedes_Sprinter_Ambulance_Pawn_C_2147460109",1827.95,-2355.32,-520.38,-1.23,-91.41,-1.41,"2025-01-27 12:14:08"
"ASB_Mercedes_Sprinter_Ambulance_Pawn_C_2147460109",1827.93,-2357.43,-520.51,-0.72,-91.41,-1.41,"2025-01-27 12:14:08"
"ASB_Mercedes_Sprinter_Ambulance_Pawn_C_2147460109",1827.90,-2359.86,-520.61,-0.12,-91.41,-1.41,"2025-01-27 12:14:08"
"ASB_Mercedes_Sprinter_Ambulance_Pawn_C_2147460109",1827.90,-2360.63,-520.65,-0.04,-91.41,-1.41,"2025-01-27 12:14:08"
"ASB_Mercedes_Sprinter_Ambulance_Pawn_C_2147460109",1827.92,-2361.37,-520.67,-0.05,-91.41,-1.41,"2025-01-27 12:14:08"
"ASB_Mercedes_Sprinter_Ambulance_Pawn_C_2147460109",1827.93,-2361.77,-520.65,-0.06,-91.41,-1.41,"2025-01-27 12:14:08"
"ASB_Mercedes_Sprinter_Ambulance_Pawn_C_2147460109",1827.94,-2362.22,-520.61,-0.08,-91.41,-1.41,"2025-01-27 12:14:08"
"ASB_Mercedes_Sprinter_Ambulance_Pawn_C_2147460109",1827.96,-2362.48,-520.57,-0.09,-91.41,-1.41,"2025-01-27 12:14:08"
"ASB_Mercedes_Sprinter_Ambulance_Pawn_C_2147460109",1828.01,-2361.22,-520.53,-0.64,-91.41,-1.41,"2025-01-27 12:14:08"
"ASB_Mercedes_Sprinter_Ambulance_Pawn_C_2147460109",1828.06,-2359.76,-520.45,-1.28,-91.41,-1.41,"2025-01-27 12:14:08"
"ASB_Mercedes_Sprinter_Ambulance_Pawn_C_2147460109",1828.08,-2359.57,-520.41,-1.38,-91.41,-1.41,"2025-01-27 12:14:08"
"ASB_Mercedes_Sprinter_Ambulance_Pawn_C_2147460109",1828.10,-2359.52,-520.38,-1.41,-91.41,-1.41,"2025-01-27 12:14:08"
"ASB_Mercedes_Sprinter_Ambulance_Pawn_C_2147460109",1828.11,-2359.52,-520.36,-1.41,-91.41,-1.41,"2025-01-27 12:14:08"
"ASB_Mercedes_Sprinter_Ambulance_Pawn_C_2147460109",1828.12,-2359.53,-520.34,-1.39,-91.41,-1.41,"2025-01-27 12:14:08"
"ASB_Mercedes_Sprinter_Ambulance_Pawn_C_2147460109",1828.13,-2359.50,-520.34,-1.39,-91.41,-1.41,"2025-01-27 12:14:08"
"ASB_Mercedes_Sprinter_Ambulance_Pawn_C_2147460109",1828.14,-2359.47,-520.33,-1.38,-91.41,-1.41,"2025-01-27 12:14:08"
"ASB_Mercedes_Sprinter_Ambulance_Pawn_C_2147460109",1828.15,-2359.44,-520.35,-1.36,-91.41,-1.41,"2025-01-27 12:14:09"
"ASB_Mercedes_Sprinter_Ambulance_Pawn_C_2147460109",1828.16,-2359.37,-520.36,-1.36,-91.41,-1.41,"2025-01-27 12:14:09"
"ASB_Mercedes_Sprinter_Ambulance_Pawn_C_2147460109",1828.17,-2359.29,-520.35,-1.36,-91.41,-1.41,"2025-01-27 12:14:09"
"ASB_Mercedes_Sprinter_Ambulance_Pawn_C_2147460109",1828.18,-2359.19,-520.36,-1.35,-91.41,-1.41,"2025-01-27 12:14:09"
"ASB_Mercedes_Sprinter_Ambulance_Pawn_C_2147460109",1828.19,-2359.07,-520.37,-1.35,-91.41,-1.41,"2025-01-27 12:14:09"
"ASB_Mercedes_Sprinter_Ambulance_Pawn_C_2147460109",1828.20,-2359.06,-520.38,-1.33,-91.41,-1.42,"2025-01-27 12:14:09"
"ASB_Mercedes_Sprinter_Ambulance_Pawn_C_2147460109",1828.23,-2359.15,-520.38,-1.23,-91.41,-1.44,"2025-01-27 12:14:09"
"ASB_Mercedes_Sprinter_Ambulance_Pawn_C_2147460109",1828.25,-2359.22,-520.37,-1.15,-91.41,-1.46,"2025-01-27 12:14:09"
"ASB_Mercedes_Sprinter_Ambulance_Pawn_C_2147460109",1828.27,-2359.30,-520.35,-1.02,-91.41,-1.49,"2025-01-27 12:14:09"
"ASB_Mercedes_Sprinter_Ambulance_Pawn_C_2147460109",1828.28,-2359.33,-520.35,-0.98,-91.42,-1.50,"2025-01-27 12:14:09"
"ASB_Mercedes_Sprinter_Ambulance_Pawn_C_2147460109",1828.21,-2358.95,-520.34,-1.12,-91.41,-1.48,"2025-01-27 12:14:09"
"ASB_Mercedes_Sprinter_Ambulance_Pawn_C_2147460109",1828.22,-2358.98,-520.34,-1.09,-91.41,-1.49,"2025-01-27 12:14:09"
"ASB_Mercedes_Sprinter_Ambulance_Pawn_C_2147460109",1828.24,-2359.03,-520.34,-1.02,-91.41,-1.52,"2025-01-27 12:14:09"
"ASB_Mercedes_Sprinter_Ambulance_Pawn_C_2147460109",1828.16,-2358.58,-520.33,-1.16,-91.41,-1.48,"2025-01-27 12:14:09"
"ASB_Mercedes_Sprinter_Ambulance_Pawn_C_2147460109",1828.19,-2358.39,-520.32,-1.12,-91.41,-1.49,"2025-01-27 12:14:09"
"ASB_Mercedes_Sprinter_Ambulance_Pawn_C_2147460109",1828.20,-2358.21,-520.31,-1.09,-91.41,-1.50,"2025-01-27 12:14:09"
"ASB_Mercedes_Sprinter_Ambulance_Pawn_C_2147460109",1828.15,-2357.61,-520.30,-1.19,-91.41,-1.47,"2025-01-27 12:14:09"
"ASB_Mercedes_Sprinter_Ambulance_Pawn_C_2147460109",1828.18,-2357.24,-520.29,-1.14,-91.41,-1.49,"2025-01-27 12:14:09"
"ASB_Mercedes_Sprinter_Ambulance_Pawn_C_2147460109",1828.20,-2356.92,-520.28,-1.10,-91.41,-1.50,"2025-01-27 12:14:09"
"ASB_Mercedes_Sprinter_Ambulance_Pawn_C_2147460109",1828.22,-2356.54,-520.27,-1.06,-91.41,-1.52,"2025-01-27 12:14:09"
"ASB_Mercedes_Sprinter_Ambulance_Pawn_C_2147460109",1828.06,-2355.12,-520.22,-1.32,-91.41,-1.43,"2025-01-27 12:14:09"
"ASB_Mercedes_Sprinter_Ambulance_Pawn_C_2147460109",1828.09,-2354.61,-520.20,-1.29,-91.41,-1.45,"2025-01-27 12:14:09"
"ASB_Mercedes_Sprinter_Ambulance_Pawn_C_2147460109",1828.15,-2353.81,-520.16,-1.22,-91.40,-1.47,"2025-01-27 12:14:09"
"ASB_Mercedes_Sprinter_Ambulance_Pawn_C_2147460109",1828.21,-2353.18,-520.15,-1.16,-91.40,-1.50,"2025-01-27 12:14:09"
"ASB_Mercedes_Sprinter_Ambulance_Pawn_C_2147460109",1828.25,-2351.58,-520.12,-1.23,-91.38,-1.47,"2025-01-27 12:14:09"
"ASB_Mercedes_Sprinter_Ambulance_Pawn_C_2147460109",1828.36,-2350.64,-520.10,-1.19,-91.36,-1.49,"2025-01-27 12:14:09"
"ASB_Mercedes_Sprinter_Ambulance_Pawn_C_2147460109",1828.44,-2349.43,-520.08,-1.26,-91.35,-1.48,"2025-01-27 12:14:09"
"ASB_Mercedes_Sprinter_Ambulance_Pawn_C_2147460109",1828.62,-2347.62,-520.05,-1.29,-91.32,-1.49,"2025-01-27 12:14:09"
"ASB_Mercedes_Sprinter_Ambulance_Pawn_C_2147460109",1828.85,-2346.45,-520.03,-1.27,-91.25,-1.52,"2025-01-27 12:14:09"
"ASB_Mercedes_Sprinter_Ambulance_Pawn_C_2147460109",1829.06,-2344.41,-519.99,-1.34,-91.27,-1.49,"2025-01-27 12:14:09"
"ASB_Mercedes_Sprinter_Ambulance_Pawn_C_2147460109",1829.32,-2343.19,-519.97,-1.34,-91.23,-1.50,"2025-01-27 12:14:10"
"ASB_Mercedes_Sprinter_Ambulance_Pawn_C_2147460109",1829.62,-2341.24,-519.98,-1.35,-90.15,-1.46,"2025-01-27 12:14:10"
"ASB_Mercedes_Sprinter_Ambulance_Pawn_C_2147460109",1829.99,-2339.94,-519.99,-1.33,-89.95,-1.47,"2025-01-27 12:14:10"
"ASB_Mercedes_Sprinter_Ambulance_Pawn_C_2147460109",1830.61,-2338.08,-520.00,-1.23,-89.75,-1.52,"2025-01-27 12:14:10"
"ASB_Mercedes_Sprinter_Ambulance_Pawn_C_2147460109",1830.79,-2336.41,-519.97,-1.34,-89.80,-1.45,"2025-01-27 12:14:10"
"ASB_Mercedes_Sprinter_Ambulance_Pawn_C_2147460109",1831.07,-2334.13,-519.93,-1.38,-89.88,-1.36,"2025-01-27 12:14:10"
"ASB_Mercedes_Sprinter_Ambulance_Pawn_C_2147460109",1831.32,-2332.13,-519.89,-1.37,-89.91,-1.31,"2025-01-27 12:14:10"
"ASB_Mercedes_Sprinter_Ambulance_Pawn_C_2147460109",1831.46,-2330.25,-519.87,-1.35,-89.91,-1.26,"2025-01-27 12:14:10"
"ASB_Mercedes_Sprinter_Ambulance_Pawn_C_2147460109",1831.65,-2328.85,-519.88,-1.33,-89.94,-1.26,"2025-01-27 12:14:10"
"ASB_Mercedes_Sprinter_Ambulance_Pawn_C_2147460109",1831.67,-2327.13,-519.91,-1.22,-89.94,-1.19,"2025-01-27 12:14:10"
"ASB_Mercedes_Sprinter_Ambulance_Pawn_C_2147460109",1831.92,-2325.83,-519.92,-1.24,-89.97,-1.26,"2025-01-27 12:14:10"
"ASB_Mercedes_Sprinter_Ambulance_Pawn_C_2147460109",1832.27,-2326.65,-519.99,-0.25,-89.99,-1.35,"2025-01-27 12:14:10"
"ASB_Mercedes_Sprinter_Ambulance_Pawn_C_2147460109",1832.35,-2325.80,-520.02,-0.15,-90.00,-1.37,"2025-01-27 12:14:10"
"ASB_Mercedes_Sprinter_Ambulance_Pawn_C_2147460109",1832.39,-2324.14,-520.08,-0.20,-90.00,-1.39,"2025-01-27 12:14:10"
"ASB_Mercedes_Sprinter_Ambulance_Pawn_C_2147460109",1832.41,-2323.02,-520.12,-0.26,-90.00,-1.41,"2025-01-27 12:14:10"
"ASB_Mercedes_Sprinter_Ambulance_Pawn_C_2147460109",1832.44,-2322.13,-520.16,-0.16,-90.00,-1.44,"2025-01-27 12:14:10"
"ASB_Mercedes_Sprinter_Ambulance_Pawn_C_2147460109",1832.47,-2321.62,-520.18,-0.17,-90.00,-1.47,"2025-01-27 12:14:10"
"ASB_Mercedes_Sprinter_Ambulance_Pawn_C_2147460109",1832.50,-2321.34,-520.24,-0.18,-90.00,-1.52,"2025-01-27 12:14:10"
"ASB_Mercedes_Sprinter_Ambulance_Pawn_C_2147460109",1832.52,-2321.48,-520.27,-0.20,-90.00,-1.54,"2025-01-27 12:14:10"
"ASB_Mercedes_Sprinter_Ambulance_Pawn_C_2147460109",1832.42,-2322.61,-520.32,-0.07,-90.01,-1.53,"2025-01-27 12:14:10"
"ASB_Mercedes_Sprinter_Ambulance_Pawn_C_2147460109",1832.32,-2323.79,-520.35,-0.00,-90.01,-1.51,"2025-01-27 12:14:10"
"ASB_Mercedes_Sprinter_Ambulance_Pawn_C_2147460109",1832.26,-2325.74,-520.38,0.01,-90.01,-1.50,"2025-01-27 12:14:10"
"ASB_Mercedes_Sprinter_Ambulance_Pawn_C_2147460109",1832.28,-2328.24,-520.41,-0.01,-90.01,-1.54,"2025-01-27 12:14:10"
"ASB_Mercedes_Sprinter_Ambulance_Pawn_C_2147460109",1832.29,-2330.08,-520.43,-0.04,-90.01,-1.56,"2025-01-27 12:14:10"
"ASB_Mercedes_Sprinter_Ambulance_Pawn_C_2147460109",1832.31,-2333.41,-520.47,-0.09,-90.01,-1.60,"2025-01-27 12:14:10"
"ASB_Mercedes_Sprinter_Ambulance_Pawn_C_2147460109",1832.31,-2335.92,-520.49,-0.13,-90.01,-1.62,"2025-01-27 12:14:10"
"ASB_Mercedes_Sprinter_Ambulance_Pawn_C_2147460109",1832.10,-2340.24,-520.53,-0.11,-90.01,-1.54,"2025-01-27 12:14:10"
"ASB_Mercedes_Sprinter_Ambulance_Pawn_C_2147460109",1831.97,-2344.65,-520.57,-0.08,-90.01,-1.49,"2025-01-27 12:14:10"
"ASB_Mercedes_Sprinter_Ambulance_Pawn_C_2147460109",1831.82,-2349.71,-520.61,-0.02,-90.00,-1.43,"2025-01-27 12:14:10"
"ASB_Mercedes_Sprinter_Ambulance_Pawn_C_2147460109",1831.80,-2352.98,-520.64,-0.01,-90.00,-1.41,"2025-01-27 12:14:10"
"ASB_Mercedes_Sprinter_Ambulance_Pawn_C_2147460109",1831.82,-2358.10,-520.68,-0.03,-90.00,-1.42,"2025-01-27 12:14:11"
"ASB_Mercedes_Sprinter_Ambulance_Pawn_C_2147460109",1831.80,-2363.81,-520.75,-0.04,-90.00,-1.43,"2025-01-27 12:14:11"
"ASB_Mercedes_Sprinter_Ambulance_Pawn_C_2147460109",1831.79,-2370.53,-520.82,-0.01,-90.00,-1.41,"2025-01-27 12:14:11"
"ASB_Mercedes_Sprinter_Ambulance_Pawn_C_2147460109",1831.80,-2377.61,-520.90,-0.04,-90.00,-1.42,"2025-01-27 12:14:11"
"ASB_Mercedes_Sprinter_Ambulance_Pawn_C_2147460109",1831.82,-2385.12,-520.98,-0.07,-90.00,-1.44,"2025-01-27 12:14:11"
"ASB_Mercedes_Sprinter_Ambulance_Pawn_C_2147460109",1831.78,-2393.14,-521.07,-0.06,-90.00,-1.44,"2025-01-27 12:14:11"
"ASB_Mercedes_Sprinter_Ambulance_Pawn_C_2147460109",1831.74,-2398.52,-521.13,-0.03,-90.00,-1.42,"2025-01-27 12:14:11"
"ASB_Mercedes_Sprinter_Ambulance_Pawn_C_2147460109",1831.73,-2406.80,-521.23,-0.02,-90.00,-1.41,"2025-01-27 12:14:11"
"ASB_Mercedes_Sprinter_Ambulance_Pawn_C_2147460109",1831.74,-2415.57,-521.33,-0.02,-90.00,-1.41,"2025-01-27 12:14:11"
"ASB_Mercedes_Sprinter_Ambulance_Pawn_C_2147460109",1831.73,-2424.78,-521.44,-0.01,-90.00,-1.41,"2025-01-27 12:14:11"
"ASB_Mercedes_Sprinter_Ambulance_Pawn_C_2147460109",1831.75,-2434.28,-521.54,-0.02,-90.00,-1.41,"2025-01-27 12:14:11"
"ASB_Mercedes_Sprinter_Ambulance_Pawn_C_2147460109",1831.74,-2444.04,-521.65,-0.03,-90.00,-1.42,"2025-01-27 12:14:11"
"ASB_Mercedes_Sprinter_Ambulance_Pawn_C_2147460109",1831.74,-2454.61,-521.77,-0.01,-90.00,-1.41,"2025-01-27 12:14:11"
"ASB_Mercedes_Sprinter_Ambulance_Pawn_C_2147460109",1831.75,-2466.15,-521.91,-0.01,-90.00,-1.41,"2025-01-27 12:14:11"
"ASB_Mercedes_Sprinter_Ambulance_Pawn_C_2147460109",1831.76,-2478.30,-522.05,-0.02,-90.00,-1.41,"2025-01-27 12:14:11"
"ASB_Mercedes_Sprinter_Ambulance_Pawn_C_2147460109",1831.76,-2486.93,-522.15,-0.04,-90.00,-1.42,"2025-01-27 12:14:11"
"ASB_Mercedes_Sprinter_Ambulance_Pawn_C_2147460109",1831.74,-2499.54,-522.30,-0.05,-90.00,-1.43,"2025-01-27 12:14:11"
"ASB_Mercedes_Sprinter_Ambulance_Pawn_C_2147460109",1831.71,-2513.00,-522.44,-0.02,-90.00,-1.41,"2025-01-27 12:14:11"
"ASB_Mercedes_Sprinter_Ambulance_Pawn_C_2147460109",1831.72,-2526.95,-522.59,-0.01,-90.00,-1.41,"2025-01-27 12:14:11"
"ASB_Mercedes_Sprinter_Ambulance_Pawn_C_2147460109",1831.72,-2541.19,-522.75,-0.01,-90.00,-1.41,"2025-01-27 12:14:11"
"ASB_Mercedes_Sprinter_Ambulance_Pawn_C_2147460109",1831.73,-2550.56,-522.87,-0.01,-90.00,-1.41,"2025-01-27 12:14:11"
"ASB_Mercedes_Sprinter_Ambulance_Pawn_C_2147460109",1831.72,-2566.05,-523.05,-0.01,-90.00,-1.41,"2025-01-27 12:14:11"
"ASB_Mercedes_Sprinter_Ambulance_Pawn_C_2147460109",1831.70,-2582.22,-523.24,-0.01,-90.00,-1.41,"2025-01-27 12:14:11"
"ASB_Mercedes_Sprinter_Ambulance_Pawn_C_2147460109",1831.68,-2599.11,-523.42,-0.01,-90.00,-1.41,"2025-01-27 12:14:11"
"ASB_Mercedes_Sprinter_Ambulance_Pawn_C_2147460109",1831.67,-2610.68,-523.55,-0.01,-90.00,-1.41,"2025-01-27 12:14:11"
"ASB_Mercedes_Sprinter_Ambulance_Pawn_C_2147460109",1831.65,-2628.26,-523.75,-0.01,-90.00,-1.41,"2025-01-27 12:14:11"
"ASB_Mercedes_Sprinter_Ambulance_Pawn_C_2147460109",1831.64,-2645.29,-523.96,-0.01,-90.00,-1.42,"2025-01-27 12:14:11"
"ASB_Mercedes_Sprinter_Ambulance_Pawn_C_2147460109",1831.62,-2663.51,-524.18,-0.01,-90.00,-1.42,"2025-01-27 12:14:11"
"ASB_Mercedes_Sprinter_Ambulance_Pawn_C_2147460109",1831.60,-2675.71,-524.32,-0.01,-90.00,-1.41,"2025-01-27 12:14:11"
"ASB_Mercedes_Sprinter_Ambulance_Pawn_C_2147460109",1831.58,-2694.61,-524.53,-0.01,-90.00,-1.41,"2025-01-27 12:14:11"
"ASB_Mercedes_Sprinter_Ambulance_Pawn_C_2147460109",1831.56,-2714.18,-524.75,-0.01,-90.00,-1.41,"2025-01-27 12:14:12"
"ASB_Mercedes_Sprinter_Ambulance_Pawn_C_2147460109",1831.54,-2734.10,-524.96,-0.01,-90.00,-1.41,"2025-01-27 12:14:12"
"ASB_Mercedes_Sprinter_Ambulance_Pawn_C_2147460109",1831.53,-2754.60,-525.18,-0.01,-90.00,-1.41,"2025-01-27 12:14:12"
"ASB_Mercedes_Sprinter_Ambulance_Pawn_C_2147460109",1831.51,-2768.94,-525.35,-0.01,-90.00,-1.41,"2025-01-27 12:14:12"
"ASB_Mercedes_Sprinter_Ambulance_Pawn_C_2147460109",1831.50,-2790.62,-525.60,-0.01,-90.00,-1.41,"2025-01-27 12:14:12"
"ASB_Mercedes_Sprinter_Ambulance_Pawn_C_2147460109",1831.49,-2812.94,-525.85,-0.01,-90.00,-1.42,"2025-01-27 12:14:12"
"ASB_Mercedes_Sprinter_Ambulance_Pawn_C_2147460109",1831.50,-2836.40,-526.13,-0.03,-90.00,-1.44,"2025-01-27 12:14:12"
"ASB_Mercedes_Sprinter_Ambulance_Pawn_C_2147460109",1831.43,-2860.40,-526.40,-0.01,-90.00,-1.42,"2025-01-27 12:14:12"
"ASB_Mercedes_Sprinter_Ambulance_Pawn_C_2147460109",1831.41,-2876.22,-526.59,-0.01,-90.00,-1.41,"2025-01-27 12:14:12"
"ASB_Mercedes_Sprinter_Ambulance_Pawn_C_2147460109",1831.39,-2900.90,-526.88,-0.00,-90.00,-1.41,"2025-01-27 12:14:12"
"ASB_Mercedes_Sprinter_Ambulance_Pawn_C_2147460109",1831.37,-2927.17,-527.18,-0.00,-90.00,-1.41,"2025-01-27 12:14:12"
"ASB_Mercedes_Sprinter_Ambulance_Pawn_C_2147460109",1831.37,-2952.94,-527.48,-0.01,-90.00,-1.42,"2025-01-27 12:14:12"
"ASB_Mercedes_Sprinter_Ambulance_Pawn_C_2147460109",1831.34,-2971.23,-527.68,-0.01,-90.00,-1.42,"2025-01-27 12:14:12"
"ASB_Mercedes_Sprinter_Ambulance_Pawn_C_2147460109",1831.32,-2998.68,-528.01,-0.00,-90.00,-1.41,"2025-01-27 12:14:12"
"ASB_Mercedes_Sprinter_Ambulance_Pawn_C_2147460109",1831.30,-3028.05,-528.36,-0.00,-90.00,-1.41,"2025-01-27 12:14:12"
"ASB_Mercedes_Sprinter_Ambulance_Pawn_C_2147460109",1831.29,-3047.88,-528.58,-0.00,-90.00,-1.41,"2025-01-27 12:14:12"
"ASB_Mercedes_Sprinter_Ambulance_Pawn_C_2147460109",1831.27,-3078.25,-528.93,-0.00,-90.00,-1.41,"2025-01-27 12:14:12"
"ASB_Mercedes_Sprinter_Ambulance_Pawn_C_2147460109",1831.25,-3109.52,-529.28,-0.00,-90.00,-1.41,"2025-01-27 12:14:12"
"ASB_Mercedes_Sprinter_Ambulance_Pawn_C_2147460109",1831.24,-3142.03,-529.67,-0.00,-90.00,-1.41,"2025-01-27 12:14:12"
"ASB_Mercedes_Sprinter_Ambulance_Pawn_C_2147460109",1831.22,-3163.40,-529.92,-0.00,-90.00,-1.41,"2025-01-27 12:14:12"
"ASB_Mercedes_Sprinter_Ambulance_Pawn_C_2147460109",1831.22,-3196.39,-530.30,-0.00,-90.00,-1.42,"2025-01-27 12:14:12"
"ASB_Mercedes_Sprinter_Ambulance_Pawn_C_2147460109",1831.20,-3219.65,-530.57,-0.00,-90.00,-1.42,"2025-01-27 12:14:12"
"ASB_Mercedes_Sprinter_Ambulance_Pawn_C_2147460109",1831.17,-3254.66,-530.96,-0.00,-90.00,-1.41,"2025-01-27 12:14:12"
"ASB_Mercedes_Sprinter_Ambulance_Pawn_C_2147460109",1831.15,-3291.08,-531.39,-0.00,-90.00,-1.41,"2025-01-27 12:14:12"
"ASB_Mercedes_Sprinter_Ambulance_Pawn_C_2147460109",1831.13,-3316.08,-531.68,-0.00,-90.00,-1.41,"2025-01-27 12:14:12"
"ASB_Mercedes_Sprinter_Ambulance_Pawn_C_2147460109",1831.11,-3353.78,-532.11,-0.00,-90.00,-1.41,"2025-01-27 12:14:12"
"ASB_Mercedes_Sprinter_Ambulance_Pawn_C_2147460109",1831.10,-3379.81,-532.41,-0.00,-90.00,-1.41,"2025-01-27 12:14:12"
"ASB_Mercedes_Sprinter_Ambulance_Pawn_C_2147460109",1831.07,-3419.17,-532.88,-0.00,-90.00,-1.41,"2025-01-27 12:14:12"
"ASB_Mercedes_Sprinter_Ambulance_Pawn_C_2147460109",1831.05,-3459.21,-533.35,-0.00,-90.00,-1.41,"2025-01-27 12:14:12"
"ASB_Mercedes_Sprinter_Ambulance_Pawn_C_2147460109",1831.04,-3486.50,-533.67,-0.00,-90.00,-1.41,"2025-01-27 12:14:12"
"ASB_Mercedes_Sprinter_Ambulance_Pawn_C_2147460109",1831.01,-3527.42,-534.16,-0.00,-90.00,-1.41,"2025-01-27 12:14:13"
"ASB_Mercedes_Sprinter_Ambulance_Pawn_C_2147460109",1831.00,-3555.76,-534.50,-0.00,-90.00,-1.41,"2025-01-27 12:14:13"
"ASB_Mercedes_Sprinter_Ambulance_Pawn_C_2147460109",1830.98,-3597.35,-534.99,-0.00,-90.00,-1.42,"2025-01-27 12:14:13"
"ASB_Mercedes_Sprinter_Ambulance_Pawn_C_2147460109",1830.93,-3639.47,-535.49,-0.00,-90.00,-1.42,"2025-01-27 12:14:13"
"ASB_Mercedes_Sprinter_Ambulance_Pawn_C_2147460109",1830.87,-3682.78,-536.01,-0.00,-90.00,-1.42,"2025-01-27 12:14:13"
"ASB_Mercedes_Sprinter_Ambulance_Pawn_C_2147460109",1830.83,-3712.63,-536.37,-0.00,-90.00,-1.42,"2025-01-27 12:14:13"
"ASB_Mercedes_Sprinter_Ambulance_Pawn_C_2147460109",1830.79,-3757.32,-536.90,-0.00,-90.00,-1.42,"2025-01-27 12:14:13"
"ASB_Mercedes_Sprinter_Ambulance_Pawn_C_2147460109",1830.72,-3803.64,-537.45,-0.00,-90.00,-1.42,"2025-01-27 12:14:13"
"ASB_Mercedes_Sprinter_Ambulance_Pawn_C_2147460109",1830.68,-3833.07,-537.81,-0.00,-90.00,-1.42,"2025-01-27 12:14:13"
"ASB_Mercedes_Sprinter_Ambulance_Pawn_C_2147460109",1830.61,-3878.23,-538.35,-0.00,-90.00,-1.42,"2025-01-27 12:14:13"
"ASB_Mercedes_Sprinter_Ambulance_Pawn_C_2147460109",1830.56,-3923.29,-538.87,-0.03,-90.00,-1.42,"2025-01-27 12:14:13"
"ASB_Mercedes_Sprinter_Ambulance_Pawn_C_2147460109",1830.50,-3969.71,-539.36,-0.08,-90.00,-1.42,"2025-01-27 12:14:13"
"ASB_Mercedes_Sprinter_Ambulance_Pawn_C_2147460109",1830.46,-4000.64,-539.66,-0.13,-90.00,-1.42,"2025-01-27 12:14:13"
"ASB_Mercedes_Sprinter_Ambulance_Pawn_C_2147460109",1830.39,-4045.66,-540.06,-0.19,-90.00,-1.42,"2025-01-27 12:14:13"
"ASB_Mercedes_Sprinter_Ambulance_Pawn_C_2147460109",1830.33,-4090.50,-540.46,-0.78,-90.00,-1.42,"2025-01-27 12:14:13"
"ASB_Mercedes_Sprinter_Ambulance_Pawn_C_2147460109",1830.26,-4131.32,-540.83,-1.42,-90.00,-1.42,"2025-01-27 12:14:13"
"ASB_Mercedes_Sprinter_Ambulance_Pawn_C_2147460109",1830.20,-4172.84,-541.25,-1.54,-90.00,-1.41,"2025-01-27 12:14:13"
"ASB_Mercedes_Sprinter_Ambulance_Pawn_C_2147460109",1830.13,-4213.75,-541.70,-1.54,-90.00,-1.41,"2025-01-27 12:14:13"
"ASB_Mercedes_Sprinter_Ambulance_Pawn_C_2147460109",1830.09,-4240.95,-542.02,-1.53,-90.00,-1.41,"2025-01-27 12:14:13"
"ASB_Mercedes_Sprinter_Ambulance_Pawn_C_2147460109",1830.07,-4278.68,-542.47,-1.62,-90.00,-1.44,"2025-01-27 12:14:13"
"ASB_Mercedes_Sprinter_Ambulance_Pawn_C_2147460109",1829.94,-4329.10,-543.09,-1.48,-90.00,-1.42,"2025-01-27 12:14:13"
"ASB_Mercedes_Sprinter_Ambulance_Pawn_C_2147460109",1829.87,-4365.61,-543.56,-1.43,-90.00,-1.41,"2025-01-27 12:14:13"
"ASB_Mercedes_Sprinter_Ambulance_Pawn_C_2147460109",1829.81,-4403.24,-544.06,-1.41,-90.00,-1.41,"2025-01-27 12:14:13"
"ASB_Mercedes_Sprinter_Ambulance_Pawn_C_2147460109",1829.78,-4427.44,-544.37,-1.41,-90.00,-1.42,"2025-01-27 12:14:13"
"ASB_Mercedes_Sprinter_Ambulance_Pawn_C_2147460109",1829.71,-4463.44,-544.85,-1.39,-90.00,-1.42,"2025-01-27 12:14:13"
"ASB_Mercedes_Sprinter_Ambulance_Pawn_C_2147460109",1829.67,-4499.38,-545.31,-1.38,-90.00,-1.41,"2025-01-27 12:14:13"
"ASB_Mercedes_Sprinter_Ambulance_Pawn_C_2147460109",1829.63,-4534.61,-545.75,-1.38,-90.00,-1.41,"2025-01-27 12:14:13"
"ASB_Mercedes_Sprinter_Ambulance_Pawn_C_2147460109",1829.61,-4568.53,-546.15,-1.39,-90.00,-1.42,"2025-01-27 12:14:13"
"ASB_Mercedes_Sprinter_Ambulance_Pawn_C_2147460109",1829.56,-4601.80,-546.52,-1.44,-90.00,-1.41,"2025-01-27 12:14:13"
"ASB_Mercedes_Sprinter_Ambulance_Pawn_C_2147460109",1829.52,-4632.80,-546.82,-1.47,-90.00,-1.41,"2025-01-27 12:14:13"
"ASB_Mercedes_Sprinter_Ambulance_Pawn_C_2147460109",1829.48,-4663.36,-547.12,-1.50,-90.00,-1.41,"2025-01-27 12:14:14"
"ASB_Mercedes_Sprinter_Ambulance_Pawn_C_2147460109",1829.44,-4692.53,-547.36,-1.53,-90.00,-1.41,"2025-01-27 12:14:14"
"ASB_Mercedes_Sprinter_Ambulance_Pawn_C_2147460109",1829.41,-4719.85,-547.60,-1.60,-90.00,-1.42,"2025-01-27 12:14:14"
"ASB_Mercedes_Sprinter_Ambulance_Pawn_C_2147460109",1829.36,-4743.43,-547.73,-2.66,-90.00,-1.41,"2025-01-27 12:14:14"
"ASB_Mercedes_Sprinter_Ambulance_Pawn_C_2147460109",1829.33,-4767.34,-547.92,-2.82,-90.00,-1.42,"2025-01-27 12:14:14"
"ASB_Mercedes_Sprinter_Ambulance_Pawn_C_2147460109",1829.28,-4790.40,-548.12,-2.91,-90.00,-1.42,"2025-01-27 12:14:14"
"ASB_Mercedes_Sprinter_Ambulance_Pawn_C_2147460109",1829.24,-4812.51,-548.37,-2.89,-90.00,-1.41,"2025-01-27 12:14:14"
"ASB_Mercedes_Sprinter_Ambulance_Pawn_C_2147460109",1829.21,-4832.67,-548.59,-2.90,-90.00,-1.42,"2025-01-27 12:14:14"
"ASB_Mercedes_Sprinter_Ambulance_Pawn_C_2147460109",1829.16,-4851.12,-548.81,-2.85,-90.00,-1.42,"2025-01-27 12:14:14"
"ASB_Mercedes_Sprinter_Ambulance_Pawn_C_2147460109",1829.11,-4868.58,-549.07,-2.79,-90.00,-1.41,"2025-01-27 12:14:14"
"ASB_Mercedes_Sprinter_Ambulance_Pawn_C_2147460109",1829.09,-4885.58,-549.37,-2.69,-90.00,-1.42,"2025-01-27 12:14:14"
"ASB_Mercedes_Sprinter_Ambulance_Pawn_C_2147460109",1829.04,-4902.14,-549.71,-2.62,-90.00,-1.41,"2025-01-27 12:14:14"
"ASB_Mercedes_Sprinter_Ambulance_Pawn_C_2147460109",1829.03,-4913.15,-549.95,-2.51,-90.00,-1.42,"2025-01-27 12:14:14"
"ASB_Mercedes_Sprinter_Ambulance_Pawn_C_2147460109",1828.99,-4931.86,-550.41,-1.59,-90.00,-1.42,"2025-01-27 12:14:14"
"ASB_Mercedes_Sprinter_Ambulance_Pawn_C_2147460109",1828.96,-4948.65,-550.78,-1.26,-90.00,-1.41,"2025-01-27 12:14:14"
"ASB_Mercedes_Sprinter_Ambulance_Pawn_C_2147460109",1828.93,-4965.25,-551.14,-1.19,-90.00,-1.41,"2025-01-27 12:14:14"
"ASB_Mercedes_Sprinter_Ambulance_Pawn_C_2147460109",1828.91,-4981.06,-551.44,-1.14,-90.00,-1.42,"2025-01-27 12:14:14"
"ASB_Mercedes_Sprinter_Ambulance_Pawn_C_2147460109",1828.87,-4995.55,-551.67,-1.27,-90.00,-1.41,"2025-01-27 12:14:14"
"ASB_Mercedes_Sprinter_Ambulance_Pawn_C_2147460109",1828.86,-5009.54,-551.81,-1.32,-90.00,-1.41,"2025-01-27 12:14:14"
"ASB_Mercedes_Sprinter_Ambulance_Pawn_C_2147460109",1828.85,-5022.21,-551.88,-1.45,-90.00,-1.41,"2025-01-27 12:14:14"
"ASB_Mercedes_Sprinter_Ambulance_Pawn_C_2147460109",1828.84,-5033.40,-551.90,-1.56,-89.99,-1.41,"2025-01-27 12:14:14"
"ASB_Mercedes_Sprinter_Ambulance_Pawn_C_2147460109",1828.83,-5043.76,-551.86,-1.59,-90.00,-1.41,"2025-01-27 12:14:14"
"ASB_Mercedes_Sprinter_Ambulance_Pawn_C_2147460109",1828.82,-5052.57,-551.81,-1.68,-89.99,-1.41,"2025-01-27 12:14:14"
"ASB_Mercedes_Sprinter_Ambulance_Pawn_C_2147460109",1828.81,-5060.12,-551.73,-1.66,-89.99,-1.41,"2025-01-27 12:14:14"
"ASB_Mercedes_Sprinter_Ambulance_Pawn_C_2147460109",1828.81,-5064.62,-551.69,-1.63,-90.00,-1.41,"2025-01-27 12:14:14"
"ASB_Mercedes_Sprinter_Ambulance_Pawn_C_2147460109",1828.81,-5067.08,-551.51,-2.70,-90.00,-1.41,"2025-01-27 12:14:14"
"ASB_Mercedes_Sprinter_Ambulance_Pawn_C_2147460109",1828.81,-5069.99,-551.39,-2.90,-90.00,-1.41,"2025-01-27 12:14:14"
"ASB_Mercedes_Sprinter_Ambulance_Pawn_C_2147460109",1828.81,-5072.45,-551.34,-2.90,-90.00,-1.41,"2025-01-27 12:14:14"
"ASB_Mercedes_Sprinter_Ambulance_Pawn_C_2147460109",1828.81,-5074.17,-551.35,-2.84,-90.00,-1.41,"2025-01-27 12:14:14"
"ASB_Mercedes_Sprinter_Ambulance_Pawn_C_2147460109",1828.82,-5075.89,-551.51,-2.70,-90.00,-1.41,"2025-01-27 12:14:14"
"ASB_Mercedes_Sprinter_Ambulance_Pawn_C_2147460109",1828.83,-5076.90,-551.65,-2.64,-90.00,-1.41,"2025-01-27 12:14:15"
"ASB_Mercedes_Sprinter_Ambulance_Pawn_C_2147460109",1828.83,-5079.95,-551.93,-1.70,-90.00,-1.41,"2025-01-27 12:14:15"
"ASB_Mercedes_Sprinter_Ambulance_Pawn_C_2147460109",1828.84,-5081.53,-552.15,-1.29,-90.00,-1.41,"2025-01-27 12:14:15"
"ASB_Mercedes_Sprinter_Ambulance_Pawn_C_2147460109",1828.84,-5082.20,-552.36,-1.20,-90.00,-1.41,"2025-01-27 12:14:15"
"ASB_Mercedes_Sprinter_Ambulance_Pawn_C_2147460109",1828.84,-5082.57,-552.55,-1.19,-90.00,-1.41,"2025-01-27 12:14:15"
"ASB_Mercedes_Sprinter_Ambulance_Pawn_C_2147460109",1828.85,-5082.78,-552.75,-1.23,-90.00,-1.41,"2025-01-27 12:14:15"
"ASB_Mercedes_Sprinter_Ambulance_Pawn_C_2147460109",1828.86,-5082.81,-552.87,-1.26,-90.00,-1.41,"2025-01-27 12:14:15"
